{
    "fklg": {
        "value": 8.030555555555559,
        "passed": true
    },
    "dale_chall": {
        "value": 8.399803703703704,
        "passed": true
    },
    "passed": true
}