{
    "fklg": {
        "value": 7.561551724137935,
        "passed": true
    },
    "dale_chall": {
        "value": 9.256044827586207,
        "passed": false
    },
    "passed": false
}