{
    "fklg": {
        "value": 5.5263492063492095,
        "passed": true
    },
    "dale_chall": {
        "value": 12.103217460317461,
        "passed": false
    },
    "passed": false
}