{
    "fklg": {
        "value": 6.727142857142859,
        "passed": true
    },
    "dale_chall": {
        "value": 8.278400000000001,
        "passed": true
    },
    "passed": true
}