{
    "fklg": {
        "value": 6.491428571428575,
        "passed": true
    },
    "dale_chall": {
        "value": 8.27545238095238,
        "passed": true
    },
    "passed": true
}