{
    "fklg": {
        "value": 9.549803921568628,
        "passed": true
    },
    "dale_chall": {
        "value": 10.052641176470589,
        "passed": false
    },
    "passed": false
}