{
    "fklg": {
        "value": 9.049166666666668,
        "passed": true
    },
    "dale_chall": {
        "value": 11.389880392156863,
        "passed": false
    },
    "passed": false
}