{
    "fklg": {
        "value": 10.620153061224492,
        "passed": true
    },
    "dale_chall": {
        "value": 10.688997959183673,
        "passed": false
    },
    "passed": false
}