{
    "fklg": {
        "value": 7.388820754716985,
        "passed": true
    },
    "dale_chall": {
        "value": 11.443888679245283,
        "passed": false
    },
    "passed": false
}