{
    "fklg": {
        "passed": 5,
        "failed": 0,
        "avg": 7.274499378016622
    },
    "dale_chall": {
        "passed": 3,
        "failed": 2,
        "avg": 8.647778970327247
    },
    "passed": 3,
    "failed": 2
}