{
    "fklg": {
        "passed": 5,
        "failed": 0,
        "avg": 8.426858722105198,
        "std_dev_avg": 1.5754189932576792
    },
    "dale_chall": {
        "passed": 0,
        "failed": 5,
        "avg": 11.135725133474775,
        "std_dev_avg": 0.6119244525181142
    },
    "passed": 0,
    "failed": 5
}