{
    "fklg": {
        "passed": 5,
        "failed": 0,
        "avg": 8.426858722105198
    },
    "dale_chall": {
        "passed": 0,
        "failed": 5,
        "avg": 11.135725133474775
    },
    "passed": 0,
    "failed": 5
}