{
    "fklg": {
        "value": 11.317210144927536,
        "passed": true
    },
    "dale_chall": {
        "value": 12.959201449275364,
        "passed": false
    },
    "passed": false
}