{
    "fklg": {
        "value": 11.752222222222223,
        "passed": true
    },
    "dale_chall": {
        "value": 8.915411111111112,
        "passed": true
    },
    "passed": true
}