{
    "fklg": {
        "value": 8.030555555555559,
        "passed": true
    },
    "dale_chall": {
        "value": 8.98461851851852,
        "passed": true
    },
    "passed": true
}