{
    "fklg": {
        "value": 7.173333333333336,
        "passed": true
    },
    "dale_chall": {
        "value": 8.591166666666666,
        "passed": true
    },
    "passed": true
}