{
    "fklg": {
        "value": 8.38604651162791,
        "passed": true
    },
    "dale_chall": {
        "value": 9.855572868217054,
        "passed": false
    },
    "passed": false
}