{
    "fklg": {
        "value": 9.081590909090913,
        "passed": true
    },
    "dale_chall": {
        "value": 10.92159090909091,
        "passed": false
    },
    "passed": false
}