{
    "fklg": {
        "value": 9.438939393939396,
        "passed": true
    },
    "dale_chall": {
        "value": 10.675203030303031,
        "passed": false
    },
    "passed": false
}