{
    "fklg": {
        "value": 8.201944444444443,
        "passed": true
    },
    "dale_chall": {
        "value": 12.966722222222224,
        "passed": false
    },
    "passed": false
}