{
    "fklg": {
        "value": 8.934438775510205,
        "passed": true
    },
    "dale_chall": {
        "value": 11.011242857142857,
        "passed": false
    },
    "passed": false
}