{
    "fklg": {
        "value": 8.599078947368422,
        "passed": true
    },
    "dale_chall": {
        "value": 13.20786140350877,
        "passed": false
    },
    "passed": false
}