{
    "fklg": {
        "passed": 5,
        "failed": 0,
        "avg": 8.956219403335684
    },
    "dale_chall": {
        "passed": 3,
        "failed": 2,
        "avg": 9.404394438963276
    },
    "passed": 3,
    "failed": 2
}