{
    "fklg": {
        "passed": 5,
        "failed": 0,
        "avg": 9.226852644268305
    },
    "dale_chall": {
        "passed": 0,
        "failed": 5,
        "avg": 12.213323768248024
    },
    "passed": 0,
    "failed": 5
}