{
    "fklg": {
        "passed": 5,
        "failed": 0,
        "avg": 9.226852644268305,
        "std_dev_avg": 0.8361430002636937
    },
    "dale_chall": {
        "passed": 0,
        "failed": 5,
        "avg": 12.213323768248024,
        "std_dev_avg": 0.9975255081049134
    },
    "passed": 0,
    "failed": 5
}