{
    "fklg": {
        "value": 10.292673992673997,
        "passed": true
    },
    "dale_chall": {
        "value": 11.213391819291818,
        "passed": false
    },
    "passed": false
}