{
    "fklg": {
        "value": 7.850952380952382,
        "passed": true
    },
    "dale_chall": {
        "value": 9.218280952380953,
        "passed": false
    },
    "passed": false
}