{
    "fklg": {
        "value": 5.680806451612906,
        "passed": true
    },
    "dale_chall": {
        "value": 6.952074193548387,
        "passed": true
    },
    "passed": true
}