{
    "fklg": {
        "value": 9.20293001962067,
        "passed": true
    },
    "dale_chall": {
        "value": 11.079090974493134,
        "passed": false
    },
    "passed": false
}