{
    "fklg": {
        "value": 8.111103896103902,
        "passed": true
    },
    "dale_chall": {
        "value": 10.63004632034632,
        "passed": false
    },
    "passed": false
}