{
    "fklg": {
        "value": 9.820331010452964,
        "passed": true
    },
    "dale_chall": {
        "value": 10.621296225319398,
        "passed": false
    },
    "passed": false
}