{
    "fklg": {
        "value": 7.7297590361445785,
        "passed": true
    },
    "dale_chall": {
        "value": 9.596600834105654,
        "passed": false
    },
    "passed": false
}