{
    "fklg": {
        "value": 11.681666666666668,
        "passed": true
    },
    "dale_chall": {
        "value": 10.271905128205129,
        "passed": false
    },
    "passed": false
}