{
    "fklg": {
        "passed": 5,
        "failed": 0,
        "avg": 9.031359590999221,
        "std_dev_avg": 0.8887424998999859
    },
    "dale_chall": {
        "passed": 0,
        "failed": 5,
        "avg": 10.628085234711264,
        "std_dev_avg": 0.4153093639989912
    },
    "passed": 0,
    "failed": 5
}