{
    "fklg": {
        "passed": 5,
        "failed": 0,
        "avg": 9.031359590999221
    },
    "dale_chall": {
        "passed": 0,
        "failed": 5,
        "avg": 10.628085234711264
    },
    "passed": 0,
    "failed": 5
}