{
    "fklg": {
        "value": 8.358968253968253,
        "passed": true
    },
    "dale_chall": {
        "value": 12.678887301587302,
        "passed": false
    },
    "passed": false
}