{
    "fklg": {
        "value": 4.970000000000002,
        "passed": true
    },
    "dale_chall": {
        "value": 8.306596969696969,
        "passed": true
    },
    "passed": true
}