{
    "fklg": {
        "value": 7.96844827586207,
        "passed": true
    },
    "dale_chall": {
        "value": 8.167079310344828,
        "passed": true
    },
    "passed": true
}