{
    "fklg": {
        "value": 5.600000000000001,
        "passed": true
    },
    "dale_chall": {
        "value": 8.064833333333333,
        "passed": true
    },
    "passed": true
}