{
    "fklg": {
        "value": 5.943846153846156,
        "passed": true
    },
    "dale_chall": {
        "value": 8.317520512820513,
        "passed": true
    },
    "passed": true
}