{
    "fklg": {
        "value": 4.794705882352943,
        "passed": true
    },
    "dale_chall": {
        "value": 7.44951568627451,
        "passed": true
    },
    "passed": true
}