{
    "fklg": {
        "value": 9.255714285714287,
        "passed": true
    },
    "dale_chall": {
        "value": 13.071792857142857,
        "passed": false
    },
    "passed": false
}