{
    "fklg": {
        "value": 7.563991228070176,
        "passed": true
    },
    "dale_chall": {
        "value": 12.376808771929824,
        "passed": false
    },
    "passed": false
}