{
    "fklg": {
        "passed": 5,
        "failed": 0,
        "avg": 8.44777179058758,
        "std_dev_avg": 0.6460682818156499
    },
    "dale_chall": {
        "passed": 0,
        "failed": 5,
        "avg": 12.742377786131996,
        "std_dev_avg": 0.47741491395154545
    },
    "passed": 0,
    "failed": 5
}