{
    "fklg": {
        "passed": 5,
        "failed": 0,
        "avg": 8.44777179058758
    },
    "dale_chall": {
        "passed": 0,
        "failed": 5,
        "avg": 12.742377786131996
    },
    "passed": 0,
    "failed": 5
}