{
    "fklg": {
        "passed": 5,
        "failed": 0,
        "avg": 5.855400062412235
    },
    "dale_chall": {
        "passed": 5,
        "failed": 0,
        "avg": 8.06110916249403
    },
    "passed": 5,
    "failed": 0
}