{
    "fklg": {
        "value": 5.504473684210527,
        "passed": true
    },
    "dale_chall": {
        "value": 9.094015789473683,
        "passed": false
    },
    "passed": false
}