{
    "fklg": {
        "value": 4.823333333333334,
        "passed": true
    },
    "dale_chall": {
        "value": 7.7405888888888885,
        "passed": true
    },
    "passed": true
}