{
    "fklg": {
        "value": 11.325365853658536,
        "passed": true
    },
    "dale_chall": {
        "value": 12.787049593495935,
        "passed": false
    },
    "passed": false
}