{
    "fklg": {
        "value": 10.451111111111114,
        "passed": true
    },
    "dale_chall": {
        "value": 12.100055555555556,
        "passed": false
    },
    "passed": false
}