{
    "fklg": {
        "value": 9.416071428571428,
        "passed": true
    },
    "dale_chall": {
        "value": 11.655732653061225,
        "passed": false
    },
    "passed": false
}