{
    "fklg": {
        "value": 10.007151162790699,
        "passed": true
    },
    "dale_chall": {
        "value": 12.615513953488374,
        "passed": false
    },
    "passed": false
}