{
    "fklg": {
        "value": 9.416739130434784,
        "passed": true
    },
    "dale_chall": {
        "value": 11.758639130434783,
        "passed": false
    },
    "passed": false
}