{
    "fklg": {
        "value": 5.151111111111113,
        "passed": true
    },
    "dale_chall": {
        "value": 7.301977777777777,
        "passed": true
    },
    "passed": true
}