{
    "fklg": {
        "value": 8.726388888888888,
        "passed": true
    },
    "dale_chall": {
        "value": 12.264944444444446,
        "passed": false
    },
    "passed": false
}