{
    "fklg": {
        "passed": 5,
        "failed": 0,
        "avg": 6.045597911445281
    },
    "dale_chall": {
        "passed": 3,
        "failed": 2,
        "avg": 8.641363021840316
    },
    "passed": 3,
    "failed": 2
}