{
    "fklg": {
        "passed": 5,
        "failed": 0,
        "avg": 9.985351229376803,
        "std_dev_avg": 0.7310297757719746
    },
    "dale_chall": {
        "passed": 0,
        "failed": 5,
        "avg": 12.305240535483819,
        "std_dev_avg": 0.31683299040666846
    },
    "passed": 0,
    "failed": 5
}