{
    "fklg": {
        "passed": 5,
        "failed": 0,
        "avg": 9.985351229376803
    },
    "dale_chall": {
        "passed": 0,
        "failed": 5,
        "avg": 12.305240535483819
    },
    "passed": 0,
    "failed": 5
}