{
    "fklg": {
        "value": 4.064285714285717,
        "passed": true
    },
    "dale_chall": {
        "value": 7.483004761904762,
        "passed": true
    },
    "passed": true
}