{
    "fklg": {
        "value": 8.553841463414635,
        "passed": true
    },
    "dale_chall": {
        "value": 11.462217073170732,
        "passed": false
    },
    "passed": false
}