{
    "fklg": {
        "value": 7.735384615384614,
        "passed": true
    },
    "dale_chall": {
        "value": 9.962002564102564,
        "passed": false
    },
    "passed": false
}