{
    "fklg": {
        "value": 6.152595744680852,
        "passed": true
    },
    "dale_chall": {
        "value": 11.157846382978724,
        "passed": false
    },
    "passed": false
}