{
    "fklg": {
        "value": 7.754999999999999,
        "passed": true
    },
    "dale_chall": {
        "value": 8.564785714285716,
        "passed": true
    },
    "passed": true
}