{
    "fklg": {
        "value": 7.773333333333333,
        "passed": true
    },
    "dale_chall": {
        "value": 10.810866666666666,
        "passed": false
    },
    "passed": false
}