{
    "fklg": {
        "value": 7.678157894736845,
        "passed": true
    },
    "dale_chall": {
        "value": 10.340594736842105,
        "passed": false
    },
    "passed": false
}