{
    "fklg": {
        "passed": 5,
        "failed": 0,
        "avg": 7.578662610310057,
        "std_dev_avg": 0.5704267462516809
    },
    "dale_chall": {
        "passed": 0,
        "failed": 5,
        "avg": 10.746705484752159,
        "std_dev_avg": 0.47632546742385884
    },
    "passed": 0,
    "failed": 5
}