{
    "fklg": {
        "passed": 5,
        "failed": 0,
        "avg": 7.578662610310057
    },
    "dale_chall": {
        "passed": 0,
        "failed": 5,
        "avg": 10.746705484752159
    },
    "passed": 0,
    "failed": 5
}