{
    "fklg": {
        "value": 5.806666666666668,
        "passed": true
    },
    "dale_chall": {
        "value": 8.617811111111113,
        "passed": true
    },
    "passed": true
}