{
    "fklg": {
        "value": 6.790000000000003,
        "passed": true
    },
    "dale_chall": {
        "value": 7.521283333333333,
        "passed": true
    },
    "passed": true
}