{
    "fklg": {
        "value": 10.258000000000006,
        "passed": true
    },
    "dale_chall": {
        "value": 12.343300000000001,
        "passed": false
    },
    "passed": false
}