{
    "fklg": {
        "value": 9.286064516129034,
        "passed": true
    },
    "dale_chall": {
        "value": 10.05627806451613,
        "passed": false
    },
    "passed": false
}