{
    "fklg": {
        "value": 4.823333333333334,
        "passed": true
    },
    "dale_chall": {
        "value": 7.521283333333333,
        "passed": true
    },
    "passed": true
}