{
    "fklg": {
        "value": 9.417256097560976,
        "passed": true
    },
    "dale_chall": {
        "value": 11.462217073170732,
        "passed": false
    },
    "passed": false
}