{
    "fklg": {
        "passed": 5,
        "failed": 0,
        "avg": 9.30702775910164
    },
    "dale_chall": {
        "passed": 0,
        "failed": 5,
        "avg": 11.007193209355556
    },
    "passed": 0,
    "failed": 5
}