{
    "fklg": {
        "passed": 5,
        "failed": 0,
        "avg": 6.207789473684211
    },
    "dale_chall": {
        "passed": 5,
        "failed": 0,
        "avg": 7.865870994152046
    },
    "passed": 5,
    "failed": 0
}