{
    "fklg": {
        "passed": 5,
        "failed": 0,
        "avg": 9.30702775910164,
        "std_dev_avg": 0.7421054917387891
    },
    "dale_chall": {
        "passed": 0,
        "failed": 5,
        "avg": 11.007193209355556,
        "std_dev_avg": 1.1007669780416276
    },
    "passed": 0,
    "failed": 5
}