{
    "fklg": {
        "value": 8.042146341463415,
        "passed": true
    },
    "dale_chall": {
        "value": 11.745659024390244,
        "passed": false
    },
    "passed": false
}