{
    "fklg": {
        "value": 10.47529411764706,
        "passed": true
    },
    "dale_chall": {
        "value": 8.19499411764706,
        "passed": true
    },
    "passed": true
}