{
    "fklg": {
        "value": 7.472727272727273,
        "passed": true
    },
    "dale_chall": {
        "value": 10.282781818181817,
        "passed": false
    },
    "passed": false
}