{
    "fklg": {
        "value": 10.559310344827587,
        "passed": true
    },
    "dale_chall": {
        "value": 12.827690804597701,
        "passed": false
    },
    "passed": false
}