{
    "fklg": {
        "value": 11.762727272727272,
        "passed": true
    },
    "dale_chall": {
        "value": 9.751790909090909,
        "passed": false
    },
    "passed": false
}