{
    "fklg": {
        "value": 5.6200000000000045,
        "passed": true
    },
    "dale_chall": {
        "value": 7.591788888888889,
        "passed": true
    },
    "passed": true
}