{
    "fklg": {
        "value": 8.073351063829787,
        "passed": true
    },
    "dale_chall": {
        "value": 11.610363829787236,
        "passed": false
    },
    "passed": false
}