{
    "fklg": {
        "passed": 5,
        "failed": 0,
        "avg": 8.658840337902946
    },
    "dale_chall": {
        "passed": 0,
        "failed": 5,
        "avg": 11.364174480006785
    },
    "passed": 0,
    "failed": 5
}