{
    "fklg": {
        "passed": 5,
        "failed": 0,
        "avg": 8.658840337902946,
        "std_dev_avg": 0.9553185342753455
    },
    "dale_chall": {
        "passed": 0,
        "failed": 5,
        "avg": 11.364174480006785,
        "std_dev_avg": 0.8364760875019311
    },
    "passed": 0,
    "failed": 5
}