{
    "fklg": {
        "value": 6.935909090909089,
        "passed": true
    },
    "dale_chall": {
        "value": 7.325809090909091,
        "passed": true
    },
    "passed": true
}