{
    "fklg": {
        "value": 6.600000000000005,
        "passed": true
    },
    "dale_chall": {
        "value": 10.448500000000001,
        "passed": false
    },
    "passed": false
}