{
    "fklg": {
        "value": 5.83588235294118,
        "passed": true
    },
    "dale_chall": {
        "value": 8.842750980392157,
        "passed": true
    },
    "passed": true
}