{
    "fklg": {
        "value": 8.920263157894734,
        "passed": true
    },
    "dale_chall": {
        "value": 11.171647368421052,
        "passed": false
    },
    "passed": false
}