{
    "fklg": {
        "value": 8.735121951219515,
        "passed": true
    },
    "dale_chall": {
        "value": 10.476317886178862,
        "passed": false
    },
    "passed": false
}