{
    "fklg": {
        "value": 8.575478723404256,
        "passed": true
    },
    "dale_chall": {
        "value": 9.258661702127661,
        "passed": false
    },
    "passed": false
}