{
    "fklg": {
        "value": 9.957500000000003,
        "passed": true
    },
    "dale_chall": {
        "value": 12.554004166666667,
        "passed": false
    },
    "passed": false
}