{
    "fklg": {
        "value": 11.431890243902437,
        "passed": true
    },
    "dale_chall": {
        "value": 10.691973170731707,
        "passed": false
    },
    "passed": false
}