{
    "fklg": {
        "passed": 5,
        "failed": 0,
        "avg": 9.52405081528419,
        "std_dev_avg": 0.936515445333625
    },
    "dale_chall": {
        "passed": 0,
        "failed": 5,
        "avg": 10.830520858825189,
        "std_dev_avg": 0.8258439269749356
    },
    "passed": 0,
    "failed": 5
}