{
    "fklg": {
        "passed": 5,
        "failed": 0,
        "avg": 9.52405081528419
    },
    "dale_chall": {
        "passed": 0,
        "failed": 5,
        "avg": 10.830520858825189
    },
    "passed": 0,
    "failed": 5
}