{
    "fklg": {
        "value": 10.843992537313436,
        "passed": true
    },
    "dale_chall": {
        "value": 12.008792537313434,
        "passed": false
    },
    "passed": false
}