{
    "fklg": {
        "value": 9.785555555555558,
        "passed": true
    },
    "dale_chall": {
        "value": 10.669855555555555,
        "passed": false
    },
    "passed": false
}