{
    "fklg": {
        "value": 8.550000000000004,
        "passed": true
    },
    "dale_chall": {
        "value": 11.222833333333334,
        "passed": false
    },
    "passed": false
}