{
    "fklg": {
        "value": 13.729848484848485,
        "passed": false
    },
    "dale_chall": {
        "value": 12.589142424242425,
        "passed": false
    },
    "passed": false
}