{
    "fklg": {
        "value": 9.222307692307695,
        "passed": true
    },
    "dale_chall": {
        "value": 11.568992307692309,
        "passed": false
    },
    "passed": false
}