{
    "fklg": {
        "passed": 4,
        "failed": 1,
        "avg": 10.715829742893925,
        "std_dev_avg": 1.4637407173920605
    },
    "dale_chall": {
        "passed": 0,
        "failed": 5,
        "avg": 11.8450921205163,
        "std_dev_avg": 0.3631002882093035
    },
    "passed": 0,
    "failed": 5
}