{
    "fklg": {
        "passed": 4,
        "failed": 1,
        "avg": 10.715829742893925
    },
    "dale_chall": {
        "passed": 0,
        "failed": 5,
        "avg": 11.8450921205163
    },
    "passed": 0,
    "failed": 5
}