{
    "fklg": {
        "value": 8.809710832973675,
        "passed": true
    },
    "dale_chall": {
        "value": 11.478471745072651,
        "passed": false
    },
    "passed": false
}