{
    "fklg": {
        "value": 10.491666666666664,
        "passed": true
    },
    "dale_chall": {
        "value": 8.612277777777777,
        "passed": true
    },
    "passed": true
}