{
    "fklg": {
        "value": 8.601527777777779,
        "passed": true
    },
    "dale_chall": {
        "value": 12.519526495726497,
        "passed": false
    },
    "passed": false
}