{
    "fklg": {
        "value": 10.659629629629631,
        "passed": true
    },
    "dale_chall": {
        "value": 8.915411111111112,
        "passed": true
    },
    "passed": true
}