{
    "fklg": {
        "value": 8.38604651162791,
        "passed": true
    },
    "dale_chall": {
        "value": 8.386735658914729,
        "passed": true
    },
    "passed": true
}