{
    "fklg": {
        "value": 9.424736842105265,
        "passed": true
    },
    "dale_chall": {
        "value": 12.422633603238866,
        "passed": false
    },
    "passed": false
}