{
    "fklg": {
        "value": 9.016208383233533,
        "passed": true
    },
    "dale_chall": {
        "value": 12.950563185628743,
        "passed": false
    },
    "passed": false
}