{
    "fklg": {
        "value": 9.782839086047641,
        "passed": true
    },
    "dale_chall": {
        "value": 12.36806645600389,
        "passed": false
    },
    "passed": false
}