{
    "fklg": {
        "value": 9.130000000000003,
        "passed": true
    },
    "dale_chall": {
        "value": 8.03818888888889,
        "passed": true
    },
    "passed": true
}