{
    "fklg": {
        "passed": 5,
        "failed": 0,
        "avg": 8.91371856158484
    },
    "dale_chall": {
        "passed": 5,
        "failed": 0,
        "avg": 8.511823520671836
    },
    "passed": 5,
    "failed": 0
}