{
    "fklg": {
        "passed": 5,
        "failed": 0,
        "avg": 9.12700458442758,
        "std_dev_avg": 0.3814267037190998
    },
    "dale_chall": {
        "passed": 0,
        "failed": 5,
        "avg": 12.34785229713413,
        "std_dev_avg": 0.3477522208245908
    },
    "passed": 0,
    "failed": 5
}