{
    "fklg": {
        "passed": 5,
        "failed": 0,
        "avg": 9.12700458442758
    },
    "dale_chall": {
        "passed": 0,
        "failed": 5,
        "avg": 12.34785229713413
    },
    "passed": 0,
    "failed": 5
}