{
    "fklg": {
        "value": 10.356923076923078,
        "passed": true
    },
    "dale_chall": {
        "value": 11.265338461538462,
        "passed": false
    },
    "passed": false
}