{
    "fklg": {
        "value": 10.21916666666667,
        "passed": true
    },
    "dale_chall": {
        "value": 10.683573015873016,
        "passed": false
    },
    "passed": false
}