{
    "fklg": {
        "value": 12.701724137931034,
        "passed": false
    },
    "dale_chall": {
        "value": 11.6737091954023,
        "passed": false
    },
    "passed": false
}