{
    "fklg": {
        "value": 13.020833333333332,
        "passed": false
    },
    "dale_chall": {
        "value": 12.983016666666666,
        "passed": false
    },
    "passed": false
}