{
    "fklg": {
        "value": 9.013114035087721,
        "passed": true
    },
    "dale_chall": {
        "value": 10.437685964912282,
        "passed": false
    },
    "passed": false
}