{
    "fklg": {
        "value": 9.560185185185187,
        "passed": true
    },
    "dale_chall": {
        "value": 11.616285185185186,
        "passed": false
    },
    "passed": false
}