{
    "fklg": {
        "passed": 3,
        "failed": 2,
        "avg": 10.903004671640788,
        "std_dev_avg": 1.5666192511931156
    },
    "dale_chall": {
        "passed": 0,
        "failed": 5,
        "avg": 11.47885400560789,
        "std_dev_avg": 0.7345796121721929
    },
    "passed": 0,
    "failed": 5
}