{
    "fklg": {
        "passed": 3,
        "failed": 2,
        "avg": 10.903004671640788
    },
    "dale_chall": {
        "passed": 0,
        "failed": 5,
        "avg": 11.47885400560789
    },
    "passed": 0,
    "failed": 5
}