{
    "fklg": {
        "value": 4.800238095238097,
        "passed": true
    },
    "dale_chall": {
        "value": 8.668728571428572,
        "passed": true
    },
    "passed": true
}