{
    "fklg": {
        "value": 11.784285714285716,
        "passed": true
    },
    "dale_chall": {
        "value": 12.225900000000001,
        "passed": false
    },
    "passed": false
}