{
    "fklg": {
        "value": 4.805714285714284,
        "passed": true
    },
    "dale_chall": {
        "value": 8.72659523809524,
        "passed": true
    },
    "passed": true
}