{
    "fklg": {
        "value": 5.825434782608696,
        "passed": true
    },
    "dale_chall": {
        "value": 7.639508695652174,
        "passed": true
    },
    "passed": true
}