{
    "fklg": {
        "value": 10.248548387096779,
        "passed": true
    },
    "dale_chall": {
        "value": 11.026912903225806,
        "passed": false
    },
    "passed": false
}