{
    "fklg": {
        "value": 11.707857142857144,
        "passed": true
    },
    "dale_chall": {
        "value": 11.893438095238096,
        "passed": false
    },
    "passed": false
}