{
    "fklg": {
        "value": 12.839146341463415,
        "passed": false
    },
    "dale_chall": {
        "value": 13.125982926829268,
        "passed": false
    },
    "passed": false
}