{
    "fklg": {
        "value": 11.008571428571429,
        "passed": true
    },
    "dale_chall": {
        "value": 13.147245578231292,
        "passed": false
    },
    "passed": false
}