{
    "fklg": {
        "value": 7.320434782608697,
        "passed": true
    },
    "dale_chall": {
        "value": 11.262250724637681,
        "passed": false
    },
    "passed": false
}