{
    "fklg": {
        "passed": 5,
        "failed": 0,
        "avg": 10.413939491083955,
        "std_dev_avg": 1.3035583249849716
    },
    "dale_chall": {
        "passed": 0,
        "failed": 5,
        "avg": 11.911149460266575,
        "std_dev_avg": 0.6203386630792569
    },
    "passed": 0,
    "failed": 5
}