{
    "fklg": {
        "passed": 5,
        "failed": 0,
        "avg": 10.413939491083955
    },
    "dale_chall": {
        "passed": 0,
        "failed": 5,
        "avg": 11.911149460266575
    },
    "passed": 0,
    "failed": 5
}