{
    "fklg": {
        "value": 9.51068181818182,
        "passed": true
    },
    "dale_chall": {
        "value": 13.505409090909092,
        "passed": false
    },
    "passed": false
}