{
    "fklg": {
        "value": 11.146195652173912,
        "passed": true
    },
    "dale_chall": {
        "value": 12.272679710144928,
        "passed": false
    },
    "passed": false
}