{
    "fklg": {
        "value": 7.422460317460317,
        "passed": true
    },
    "dale_chall": {
        "value": 13.430792063492063,
        "passed": false
    },
    "passed": false
}