{
    "fklg": {
        "value": 12.091379310344827,
        "passed": false
    },
    "dale_chall": {
        "value": 13.851640229885056,
        "passed": false
    },
    "passed": false
}