{
    "fklg": {
        "passed": 4,
        "failed": 1,
        "avg": 10.01505738386594,
        "std_dev_avg": 1.6116581602284272
    },
    "dale_chall": {
        "passed": 0,
        "failed": 5,
        "avg": 12.404951557524601,
        "std_dev_avg": 0.8505192157407808
    },
    "passed": 0,
    "failed": 5
}