{
    "fklg": {
        "passed": 4,
        "failed": 1,
        "avg": 10.01505738386594
    },
    "dale_chall": {
        "passed": 0,
        "failed": 5,
        "avg": 12.404951557524601
    },
    "passed": 0,
    "failed": 5
}