{
    "fklg": {
        "value": 8.78224137931035,
        "passed": true
    },
    "dale_chall": {
        "value": 11.433975862068966,
        "passed": false
    },
    "passed": false
}