{
    "fklg": {
        "value": 9.701762295081966,
        "passed": true
    },
    "dale_chall": {
        "value": 11.89962131147541,
        "passed": false
    },
    "passed": false
}