{
    "fklg": {
        "value": 8.562500000000004,
        "passed": true
    },
    "dale_chall": {
        "value": 10.255896610169492,
        "passed": false
    },
    "passed": false
}