{
    "fklg": {
        "value": 13.93740740740741,
        "passed": false
    },
    "dale_chall": {
        "value": 11.547077777777778,
        "passed": false
    },
    "passed": false
}