{
    "fklg": {
        "value": 9.152727272727272,
        "passed": true
    },
    "dale_chall": {
        "value": 11.436015151515152,
        "passed": false
    },
    "passed": false
}