{
    "fklg": {
        "value": 9.408709677419356,
        "passed": true
    },
    "dale_chall": {
        "value": 9.75511505376344,
        "passed": false
    },
    "passed": false
}