{
    "fklg": {
        "value": 7.765000000000004,
        "passed": true
    },
    "dale_chall": {
        "value": 10.072768965517241,
        "passed": false
    },
    "passed": false
}