{
    "fklg": {
        "passed": 5,
        "failed": 0,
        "avg": 9.343179522757252,
        "std_dev_avg": 0.6128279664936525
    },
    "dale_chall": {
        "passed": 0,
        "failed": 5,
        "avg": 11.302301787045803,
        "std_dev_avg": 0.4185620707505258
    },
    "passed": 0,
    "failed": 5
}