{
    "fklg": {
        "passed": 5,
        "failed": 0,
        "avg": 9.343179522757252
    },
    "dale_chall": {
        "passed": 0,
        "failed": 5,
        "avg": 11.302301787045803
    },
    "passed": 0,
    "failed": 5
}