{
    "fklg": {
        "value": 7.280561403508774,
        "passed": true
    },
    "dale_chall": {
        "value": 10.57334350877193,
        "passed": false
    },
    "passed": false
}