{
    "fklg": {
        "value": 6.2755555555555596,
        "passed": true
    },
    "dale_chall": {
        "value": 11.685492592592592,
        "passed": false
    },
    "passed": false
}