{
    "fklg": {
        "value": 5.863636363636363,
        "passed": true
    },
    "dale_chall": {
        "value": 9.923918181818184,
        "passed": false
    },
    "passed": false
}