{
    "fklg": {
        "value": 7.858333333333331,
        "passed": true
    },
    "dale_chall": {
        "value": 9.693433333333335,
        "passed": false
    },
    "passed": false
}