{
    "fklg": {
        "value": 8.96857142857143,
        "passed": true
    },
    "dale_chall": {
        "value": 9.919688095238097,
        "passed": false
    },
    "passed": false
}