{
    "fklg": {
        "value": 9.314877049180328,
        "passed": true
    },
    "dale_chall": {
        "value": 10.864211475409837,
        "passed": false
    },
    "passed": false
}