{
    "fklg": {
        "passed": 5,
        "failed": 0,
        "avg": 7.249331616921092,
        "std_dev_avg": 0.9437885258601038
    },
    "dale_chall": {
        "passed": 0,
        "failed": 5,
        "avg": 10.359175142350827,
        "std_dev_avg": 0.6161943266651466
    },
    "passed": 0,
    "failed": 5
}