{
    "fklg": {
        "passed": 5,
        "failed": 0,
        "avg": 7.249331616921092
    },
    "dale_chall": {
        "passed": 0,
        "failed": 5,
        "avg": 10.359175142350827
    },
    "passed": 0,
    "failed": 5
}