{
    "fklg": {
        "value": 12.001268115942029,
        "passed": false
    },
    "dale_chall": {
        "value": 11.586157971014494,
        "passed": false
    },
    "passed": false
}