{
    "fklg": {
        "value": 6.810075187969925,
        "passed": true
    },
    "dale_chall": {
        "value": 11.031198496240602,
        "passed": false
    },
    "passed": false
}