{
    "fklg": {
        "value": 11.964776119402988,
        "passed": true
    },
    "dale_chall": {
        "value": 12.757069154228857,
        "passed": false
    },
    "passed": false
}