{
    "fklg": {
        "value": 12.046923076923076,
        "passed": false
    },
    "dale_chall": {
        "value": 12.087579487179488,
        "passed": false
    },
    "passed": false
}