{
    "fklg": {
        "value": 10.286122448979594,
        "passed": true
    },
    "dale_chall": {
        "value": 12.502755782312926,
        "passed": false
    },
    "passed": false
}