{
    "fklg": {
        "passed": 3,
        "failed": 2,
        "avg": 11.128098884662988,
        "std_dev_avg": 1.8059490325424203
    },
    "dale_chall": {
        "passed": 0,
        "failed": 5,
        "avg": 12.156519290963457,
        "std_dev_avg": 0.6782728458687274
    },
    "passed": 0,
    "failed": 5
}