{
    "fklg": {
        "passed": 3,
        "failed": 2,
        "avg": 11.128098884662988
    },
    "dale_chall": {
        "passed": 0,
        "failed": 5,
        "avg": 12.156519290963457
    },
    "passed": 0,
    "failed": 5
}