{
    "fklg": {
        "value": 8.723787878787878,
        "passed": true
    },
    "dale_chall": {
        "value": 8.282778787878788,
        "passed": true
    },
    "passed": true
}