{
    "fklg": {
        "value": 9.677142857142858,
        "passed": true
    },
    "dale_chall": {
        "value": 12.507864285714286,
        "passed": false
    },
    "passed": false
}