{
    "fklg": {
        "value": 5.838518518518523,
        "passed": true
    },
    "dale_chall": {
        "value": 8.761418518518518,
        "passed": true
    },
    "passed": true
}