{
    "fklg": {
        "value": 8.171666666666667,
        "passed": true
    },
    "dale_chall": {
        "value": 8.668728571428572,
        "passed": true
    },
    "passed": true
}