{
    "fklg": {
        "value": 7.651515151515152,
        "passed": true
    },
    "dale_chall": {
        "value": 12.794827272727273,
        "passed": false
    },
    "passed": false
}