{
    "fklg": {
        "value": 6.19929411764706,
        "passed": true
    },
    "dale_chall": {
        "value": 11.509442352941175,
        "passed": false
    },
    "passed": false
}