{
    "fklg": {
        "value": 7.794318181818184,
        "passed": true
    },
    "dale_chall": {
        "value": 13.218318181818184,
        "passed": false
    },
    "passed": false
}