{
    "fklg": {
        "value": 5.327272727272728,
        "passed": true
    },
    "dale_chall": {
        "value": 7.770736363636364,
        "passed": true
    },
    "passed": true
}