{
    "fklg": {
        "passed": 5,
        "failed": 0,
        "avg": 7.831582491582493
    },
    "dale_chall": {
        "passed": 5,
        "failed": 0,
        "avg": 8.47981467051467
    },
    "passed": 5,
    "failed": 0
}