{
    "fklg": {
        "passed": 5,
        "failed": 0,
        "avg": 7.917454061624651,
        "std_dev_avg": 0.8428938935574227
    },
    "dale_chall": {
        "passed": 0,
        "failed": 5,
        "avg": 12.563013751973518,
        "std_dev_avg": 0.443488346116629
    },
    "passed": 0,
    "failed": 5
}