{
    "fklg": {
        "passed": 5,
        "failed": 0,
        "avg": 7.917454061624651
    },
    "dale_chall": {
        "passed": 0,
        "failed": 5,
        "avg": 12.563013751973518
    },
    "passed": 0,
    "failed": 5
}