,Result,Result FKLG,Result Dale Chall
few_details,0.0,9.738211285807674,12.157365817955078
no_details,0.0,9.67111015426278,11.974326368217397
some_details,0.0,9.895324698147686,11.445996718836858
very_detailed,0.0,11.187940488375244,11.608263568349951
