{
    "fklg": {
        "value": 11.707857142857144,
        "passed": true
    },
    "dale_chall": {
        "value": 12.739330952380952,
        "passed": false
    },
    "passed": false
}