{
    "fklg": {
        "value": 8.9456231884058,
        "passed": true
    },
    "dale_chall": {
        "value": 11.643878550724638,
        "passed": false
    },
    "passed": false
}