{
    "fklg": {
        "value": 10.871296296296297,
        "passed": true
    },
    "dale_chall": {
        "value": 12.785914814814815,
        "passed": false
    },
    "passed": false
}