{
    "fklg": {
        "value": 7.00809523809524,
        "passed": true
    },
    "dale_chall": {
        "value": 8.09042380952381,
        "passed": true
    },
    "passed": true
}