{
    "fklg": {
        "value": 4.534259259259262,
        "passed": true
    },
    "dale_chall": {
        "value": 7.814988888888889,
        "passed": true
    },
    "passed": true
}