{
    "fklg": {
        "value": 9.189137931034484,
        "passed": true
    },
    "dale_chall": {
        "value": 11.70621724137931,
        "passed": false
    },
    "passed": false
}