{
    "fklg": {
        "value": 8.599078947368422,
        "passed": true
    },
    "dale_chall": {
        "value": 11.545756140350878,
        "passed": false
    },
    "passed": false
}