{
    "fklg": {
        "passed": 5,
        "failed": 0,
        "avg": 9.86259870119243,
        "std_dev_avg": 1.141582414707433
    },
    "dale_chall": {
        "passed": 0,
        "failed": 5,
        "avg": 12.084219539930118,
        "std_dev_avg": 0.5427226749342114
    },
    "passed": 0,
    "failed": 5
}