{
    "fklg": {
        "passed": 5,
        "failed": 0,
        "avg": 9.86259870119243
    },
    "dale_chall": {
        "passed": 0,
        "failed": 5,
        "avg": 12.084219539930118
    },
    "passed": 0,
    "failed": 5
}