{
    "fklg": {
        "value": 5.28146341463415,
        "passed": true
    },
    "dale_chall": {
        "value": 7.395342276422764,
        "passed": true
    },
    "passed": true
}