{
    "fklg": {
        "value": 7.4313345275414235,
        "passed": true
    },
    "dale_chall": {
        "value": 11.363897790715033,
        "passed": false
    },
    "passed": false
}