{
    "fklg": {
        "value": 8.159512195121952,
        "passed": true
    },
    "dale_chall": {
        "value": 10.476317886178862,
        "passed": false
    },
    "passed": false
}