{
    "fklg": {
        "value": 9.413701298701302,
        "passed": true
    },
    "dale_chall": {
        "value": 14.141783333333334,
        "passed": false
    },
    "passed": false
}