{
    "fklg": {
        "value": 8.823258755549293,
        "passed": true
    },
    "dale_chall": {
        "value": 13.64271078148122,
        "passed": false
    },
    "passed": false
}