{
    "fklg": {
        "value": 7.965376344086021,
        "passed": true
    },
    "dale_chall": {
        "value": 12.547346980976014,
        "passed": false
    },
    "passed": false
}