{
    "fklg": {
        "value": 9.081363636363637,
        "passed": true
    },
    "dale_chall": {
        "value": 9.718233333333334,
        "passed": false
    },
    "passed": false
}