{
    "fklg": {
        "value": 7.593518518518522,
        "passed": true
    },
    "dale_chall": {
        "value": 8.399803703703704,
        "passed": true
    },
    "passed": true
}