{
    "fklg": {
        "value": 9.097927063339736,
        "passed": true
    },
    "dale_chall": {
        "value": 12.936629120527584,
        "passed": false
    },
    "passed": false
}