{
    "fklg": {
        "passed": 5,
        "failed": 0,
        "avg": 8.546319597843555
    },
    "dale_chall": {
        "passed": 0,
        "failed": 5,
        "avg": 12.926473601406638
    },
    "passed": 0,
    "failed": 5
}