{
    "fklg": {
        "passed": 5,
        "failed": 0,
        "avg": 8.546319597843555,
        "std_dev_avg": 0.6783713296238664
    },
    "dale_chall": {
        "passed": 0,
        "failed": 5,
        "avg": 12.926473601406638,
        "std_dev_avg": 0.7766809724488909
    },
    "passed": 0,
    "failed": 5
}