{
    "fklg": {
        "passed": 5,
        "failed": 0,
        "avg": 7.638171552927653
    },
    "dale_chall": {
        "passed": 2,
        "failed": 3,
        "avg": 9.129739439927732
    },
    "passed": 2,
    "failed": 3
}