{
    "fklg": {
        "value": 7.577507246376815,
        "passed": true
    },
    "dale_chall": {
        "value": 11.872719130434783,
        "passed": false
    },
    "passed": false
}