{
    "fklg": {
        "value": 11.090000000000003,
        "passed": true
    },
    "dale_chall": {
        "value": 10.155000000000001,
        "passed": false
    },
    "passed": false
}