{
    "fklg": {
        "value": 6.286896551724141,
        "passed": true
    },
    "dale_chall": {
        "value": 12.555449425287359,
        "passed": false
    },
    "passed": false
}