{
    "fklg": {
        "value": 7.570000000000004,
        "passed": true
    },
    "dale_chall": {
        "value": 12.225900000000001,
        "passed": false
    },
    "passed": false
}