{
    "fklg": {
        "value": 7.815384615384616,
        "passed": true
    },
    "dale_chall": {
        "value": 11.326069230769232,
        "passed": false
    },
    "passed": false
}