{
    "fklg": {
        "value": 8.137676056338034,
        "passed": true
    },
    "dale_chall": {
        "value": 12.45202488262911,
        "passed": false
    },
    "passed": false
}