{
    "fklg": {
        "value": 8.366212121212126,
        "passed": true
    },
    "dale_chall": {
        "value": 7.80429393939394,
        "passed": true
    },
    "passed": true
}