{
    "fklg": {
        "value": 5.569032258064517,
        "passed": true
    },
    "dale_chall": {
        "value": 8.223872043010754,
        "passed": true
    },
    "passed": true
}