{
    "fklg": {
        "passed": 5,
        "failed": 0,
        "avg": 7.4774928939647225
    },
    "dale_chall": {
        "passed": 0,
        "failed": 5,
        "avg": 12.086432533824096
    },
    "passed": 0,
    "failed": 5
}