{
    "fklg": {
        "passed": 5,
        "failed": 0,
        "avg": 7.4774928939647225,
        "std_dev_avg": 0.476238536896232
    },
    "dale_chall": {
        "passed": 0,
        "failed": 5,
        "avg": 12.086432533824096,
        "std_dev_avg": 0.3896306825776716
    },
    "passed": 0,
    "failed": 5
}