{
    "fklg": {
        "value": 12.15372340425532,
        "passed": false
    },
    "dale_chall": {
        "value": 12.865078723404256,
        "passed": false
    },
    "passed": false
}