{
    "fklg": {
        "value": 8.575478723404256,
        "passed": true
    },
    "dale_chall": {
        "value": 9.93057659574468,
        "passed": false
    },
    "passed": false
}