{
    "fklg": {
        "value": 7.472258064516129,
        "passed": true
    },
    "dale_chall": {
        "value": 8.73322688172043,
        "passed": true
    },
    "passed": true
}