{
    "fklg": {
        "value": 15.454000000000004,
        "passed": false
    },
    "dale_chall": {
        "value": 14.568766666666667,
        "passed": false
    },
    "passed": false
}