{
    "fklg": {
        "value": 6.719444444444445,
        "passed": true
    },
    "dale_chall": {
        "value": 9.569433333333334,
        "passed": false
    },
    "passed": false
}