{
    "fklg": {
        "value": 4.600143442622951,
        "passed": true
    },
    "dale_chall": {
        "value": 11.262568852459015,
        "passed": false
    },
    "passed": false
}