{
    "fklg": {
        "value": 7.593518518518522,
        "passed": true
    },
    "dale_chall": {
        "value": 11.031470370370371,
        "passed": false
    },
    "passed": false
}