{
    "fklg": {
        "value": 8.725967741935488,
        "passed": true
    },
    "dale_chall": {
        "value": 7.970783870967742,
        "passed": true
    },
    "passed": true
}