{
    "fklg": {
        "passed": 4,
        "failed": 1,
        "avg": 7.928461706649099
    },
    "dale_chall": {
        "passed": 0,
        "failed": 5,
        "avg": 10.93182557506233
    },
    "passed": 0,
    "failed": 5
}