{
    "fklg": {
        "passed": 4,
        "failed": 1,
        "avg": 8.776730875576039
    },
    "dale_chall": {
        "passed": 3,
        "failed": 2,
        "avg": 9.751806912442396
    },
    "passed": 3,
    "failed": 2
}