{
    "fklg": {
        "passed": 4,
        "failed": 1,
        "avg": 7.928461706649099,
        "std_dev_avg": 1.9489114857445513
    },
    "dale_chall": {
        "passed": 0,
        "failed": 5,
        "avg": 10.93182557506233,
        "std_dev_avg": 0.9454564884186595
    },
    "passed": 0,
    "failed": 5
}