{
    "fklg": {
        "value": 11.00626373626374,
        "passed": true
    },
    "dale_chall": {
        "value": 12.312658241758243,
        "passed": false
    },
    "passed": false
}