{
    "fklg": {
        "value": 5.488823529411768,
        "passed": true
    },
    "dale_chall": {
        "value": 8.378339215686275,
        "passed": true
    },
    "passed": true
}