{
    "fklg": {
        "value": 13.386028106508878,
        "passed": false
    },
    "dale_chall": {
        "value": 12.812879881656805,
        "passed": false
    },
    "passed": false
}