{
    "fklg": {
        "value": 9.141968731905038,
        "passed": true
    },
    "dale_chall": {
        "value": 11.384554661262305,
        "passed": false
    },
    "passed": false
}