{
    "fklg": {
        "value": 7.758599860335199,
        "passed": true
    },
    "dale_chall": {
        "value": 12.395143016759777,
        "passed": false
    },
    "passed": false
}