{
    "fklg": {
        "value": 13.37639534883721,
        "passed": false
    },
    "dale_chall": {
        "value": 10.945458139534884,
        "passed": false
    },
    "passed": false
}