{
    "fklg": {
        "value": 11.042194881889767,
        "passed": true
    },
    "dale_chall": {
        "value": 12.256734645669292,
        "passed": false
    },
    "passed": false
}