{
    "fklg": {
        "value": 5.542000000000002,
        "passed": true
    },
    "dale_chall": {
        "value": 7.305366666666666,
        "passed": true
    },
    "passed": true
}