{
    "fklg": {
        "passed": 4,
        "failed": 1,
        "avg": 10.467011063380525,
        "std_dev_avg": 1.6133814138083244
    },
    "dale_chall": {
        "passed": 0,
        "failed": 5,
        "avg": 12.232394089421284,
        "std_dev_avg": 0.33913577126359196
    },
    "passed": 0,
    "failed": 5
}