{
    "fklg": {
        "passed": 4,
        "failed": 1,
        "avg": 10.467011063380525
    },
    "dale_chall": {
        "passed": 0,
        "failed": 5,
        "avg": 12.232394089421284
    },
    "passed": 0,
    "failed": 5
}