{
    "fklg": {
        "value": 7.102984022556392,
        "passed": true
    },
    "dale_chall": {
        "value": 12.433467716165413,
        "passed": false
    },
    "passed": false
}