{
    "fklg": {
        "value": 8.082193308550185,
        "passed": true
    },
    "dale_chall": {
        "value": 11.716785120579544,
        "passed": false
    },
    "passed": false
}