{
    "fklg": {
        "value": 7.289047619047622,
        "passed": true
    },
    "dale_chall": {
        "value": 8.46637619047619,
        "passed": true
    },
    "passed": true
}