{
    "fklg": {
        "value": 8.662710818872018,
        "passed": true
    },
    "dale_chall": {
        "value": 11.8864079175705,
        "passed": false
    },
    "passed": false
}