{
    "fklg": {
        "value": 7.206240657698061,
        "passed": true
    },
    "dale_chall": {
        "value": 12.145988888888889,
        "passed": false
    },
    "passed": false
}