{
    "fklg": {
        "value": 6.8369181585677765,
        "passed": true
    },
    "dale_chall": {
        "value": 13.15611295822677,
        "passed": false
    },
    "passed": false
}