{
    "fklg": {
        "value": 4.823333333333334,
        "passed": true
    },
    "dale_chall": {
        "value": 7.301977777777777,
        "passed": true
    },
    "passed": true
}