{
    "fklg": {
        "value": 5.884285714285717,
        "passed": true
    },
    "dale_chall": {
        "value": 7.714471428571429,
        "passed": true
    },
    "passed": true
}