{
    "fklg": {
        "passed": 5,
        "failed": 0,
        "avg": 5.993396825396827
    },
    "dale_chall": {
        "passed": 5,
        "failed": 0,
        "avg": 7.9874955555555545
    },
    "passed": 5,
    "failed": 0
}