{
    "fklg": {
        "passed": 5,
        "failed": 0,
        "avg": 7.578209393248886
    },
    "dale_chall": {
        "passed": 0,
        "failed": 5,
        "avg": 12.267752520286223
    },
    "passed": 0,
    "failed": 5
}