{
    "fklg": {
        "passed": 5,
        "failed": 0,
        "avg": 7.578209393248886,
        "std_dev_avg": 0.6353941363697719
    },
    "dale_chall": {
        "passed": 0,
        "failed": 5,
        "avg": 12.267752520286223,
        "std_dev_avg": 0.4216302535278945
    },
    "passed": 0,
    "failed": 5
}