{
    "fklg": {
        "value": 11.121612903225806,
        "passed": true
    },
    "dale_chall": {
        "value": 11.792534408602151,
        "passed": false
    },
    "passed": false
}