{
    "fklg": {
        "value": 11.376923076923081,
        "passed": true
    },
    "dale_chall": {
        "value": 10.784243589743589,
        "passed": false
    },
    "passed": false
}