{
    "fklg": {
        "value": 8.345322580645163,
        "passed": true
    },
    "dale_chall": {
        "value": 10.772235483870968,
        "passed": false
    },
    "passed": false
}