{
    "fklg": {
        "value": 6.962500000000002,
        "passed": true
    },
    "dale_chall": {
        "value": 10.52352372881356,
        "passed": false
    },
    "passed": false
}