{
    "fklg": {
        "value": 8.66215384615385,
        "passed": true
    },
    "dale_chall": {
        "value": 11.440032307692308,
        "passed": false
    },
    "passed": false
}