{
    "fklg": {
        "passed": 5,
        "failed": 0,
        "avg": 8.728317866004964
    },
    "dale_chall": {
        "passed": 0,
        "failed": 5,
        "avg": 10.887065185795798
    },
    "passed": 0,
    "failed": 5
}