{
    "fklg": {
        "passed": 5,
        "failed": 0,
        "avg": 8.728317866004964,
        "std_dev_avg": 0.957318014888336
    },
    "dale_chall": {
        "passed": 0,
        "failed": 5,
        "avg": 10.887065185795798,
        "std_dev_avg": 0.5833745378811457
    },
    "passed": 0,
    "failed": 5
}