{
    "fklg": {
        "passed": 5,
        "failed": 0,
        "avg": 10.037012736682886
    },
    "dale_chall": {
        "passed": 0,
        "failed": 5,
        "avg": 11.600256145572503
    },
    "passed": 0,
    "failed": 5
}