{
    "fklg": {
        "value": 7.900000000000002,
        "passed": true
    },
    "dale_chall": {
        "value": 8.245333333333333,
        "passed": true
    },
    "passed": true
}