{
    "fklg": {
        "value": 6.4553501400560265,
        "passed": true
    },
    "dale_chall": {
        "value": 12.047675350140057,
        "passed": false
    },
    "passed": false
}