{
    "fklg": {
        "value": 7.091612903225808,
        "passed": true
    },
    "dale_chall": {
        "value": 13.062743010752689,
        "passed": false
    },
    "passed": false
}