{
    "fklg": {
        "value": 10.244561403508772,
        "passed": true
    },
    "dale_chall": {
        "value": 12.612408771929823,
        "passed": false
    },
    "passed": false
}