{
    "fklg": {
        "passed": 5,
        "failed": 0,
        "avg": 8.273830902667259,
        "std_dev_avg": 1.2357943220283258
    },
    "dale_chall": {
        "passed": 0,
        "failed": 5,
        "avg": 12.35926016340662,
        "std_dev_avg": 0.3826525823477095
    },
    "passed": 0,
    "failed": 5
}