{
    "fklg": {
        "passed": 5,
        "failed": 0,
        "avg": 8.273830902667259
    },
    "dale_chall": {
        "passed": 0,
        "failed": 5,
        "avg": 12.35926016340662
    },
    "passed": 0,
    "failed": 5
}