{
    "fklg": {
        "passed": 5,
        "failed": 0,
        "avg": 6.151250000000001
    },
    "dale_chall": {
        "passed": 5,
        "failed": 0,
        "avg": 8.390814166666667
    },
    "passed": 5,
    "failed": 0
}