{
    "fklg": {
        "value": 12.453870967741938,
        "passed": false
    },
    "dale_chall": {
        "value": 12.047211827956989,
        "passed": false
    },
    "passed": false
}