{
    "fklg": {
        "value": 12.18925925925926,
        "passed": false
    },
    "dale_chall": {
        "value": 11.839485185185186,
        "passed": false
    },
    "passed": false
}