{
    "fklg": {
        "value": 14.973076923076924,
        "passed": false
    },
    "dale_chall": {
        "value": 11.910138461538462,
        "passed": false
    },
    "passed": false
}