{
    "fklg": {
        "value": 11.249387755102042,
        "passed": true
    },
    "dale_chall": {
        "value": 12.502755782312926,
        "passed": false
    },
    "passed": false
}