{
    "fklg": {
        "value": 9.472301886792454,
        "passed": true
    },
    "dale_chall": {
        "value": 11.014524150943396,
        "passed": false
    },
    "passed": false
}