{
    "fklg": {
        "value": 9.929782608695653,
        "passed": true
    },
    "dale_chall": {
        "value": 11.07211739130435,
        "passed": false
    },
    "passed": false
}