{
    "fklg": {
        "value": 9.617727272727276,
        "passed": true
    },
    "dale_chall": {
        "value": 10.435960606060606,
        "passed": false
    },
    "passed": false
}