{
    "fklg": {
        "value": 11.055860655737707,
        "passed": true
    },
    "dale_chall": {
        "value": 11.640768852459017,
        "passed": false
    },
    "passed": false
}