{
    "fklg": {
        "passed": 3,
        "failed": 2,
        "avg": 11.840899637690214,
        "std_dev_avg": 1.4980594461753747
    },
    "dale_chall": {
        "passed": 0,
        "failed": 5,
        "avg": 11.823079815042158,
        "std_dev_avg": 0.39634665067276137
    },
    "passed": 0,
    "failed": 5
}