{
    "fklg": {
        "passed": 3,
        "failed": 2,
        "avg": 11.840899637690214
    },
    "dale_chall": {
        "passed": 0,
        "failed": 5,
        "avg": 11.823079815042158
    },
    "passed": 0,
    "failed": 5
}