{
    "fklg": {
        "passed": 4,
        "failed": 1,
        "avg": 10.47758333633316
    },
    "dale_chall": {
        "passed": 0,
        "failed": 5,
        "avg": 11.155896576493356
    },
    "passed": 0,
    "failed": 5
}