{
    "fklg": {
        "value": 6.298333333333332,
        "passed": true
    },
    "dale_chall": {
        "value": 8.837116666666667,
        "passed": true
    },
    "passed": true
}