{
    "fklg": {
        "value": 7.28166666666667,
        "passed": true
    },
    "dale_chall": {
        "value": 9.495033333333335,
        "passed": false
    },
    "passed": false
}