{
    "fklg": {
        "value": 4.655000000000001,
        "passed": true
    },
    "dale_chall": {
        "value": 8.245333333333333,
        "passed": true
    },
    "passed": true
}