{
    "fklg": {
        "value": 9.65688775510204,
        "passed": true
    },
    "dale_chall": {
        "value": 11.011242857142857,
        "passed": false
    },
    "passed": false
}