{
    "fklg": {
        "passed": 5,
        "failed": 0,
        "avg": 9.959633812290697,
        "std_dev_avg": 0.2743805192203119
    },
    "dale_chall": {
        "passed": 0,
        "failed": 5,
        "avg": 11.571860184331797,
        "std_dev_avg": 0.6459677788018432
    },
    "passed": 0,
    "failed": 5
}