{
    "fklg": {
        "passed": 5,
        "failed": 0,
        "avg": 7.568411764705883
    },
    "dale_chall": {
        "passed": 2,
        "failed": 3,
        "avg": 9.585440196078432
    },
    "passed": 2,
    "failed": 3
}