{
    "fklg": {
        "passed": 5,
        "failed": 0,
        "avg": 9.959633812290697
    },
    "dale_chall": {
        "passed": 0,
        "failed": 5,
        "avg": 11.571860184331797
    },
    "passed": 0,
    "failed": 5
}