{
    "fklg": {
        "value": 8.813333333333333,
        "passed": true
    },
    "dale_chall": {
        "value": 10.703890909090909,
        "passed": false
    },
    "passed": false
}