{
    "fklg": {
        "value": 5.527068965517241,
        "passed": true
    },
    "dale_chall": {
        "value": 7.622596551724138,
        "passed": true
    },
    "passed": true
}