{
    "fklg": {
        "value": 8.461854789505797,
        "passed": true
    },
    "dale_chall": {
        "value": 10.45479749847468,
        "passed": false
    },
    "passed": false
}