{
    "fklg": {
        "value": 13.858926203208558,
        "passed": false
    },
    "dale_chall": {
        "value": 12.855620256684492,
        "passed": false
    },
    "passed": false
}