{
    "fklg": {
        "value": 11.415000000000003,
        "passed": true
    },
    "dale_chall": {
        "value": 10.859513333333334,
        "passed": false
    },
    "passed": false
}