{
    "fklg": {
        "value": 12.362608695652174,
        "passed": false
    },
    "dale_chall": {
        "value": 10.269473913043479,
        "passed": false
    },
    "passed": false
}