{
    "fklg": {
        "value": 5.818461538461541,
        "passed": true
    },
    "dale_chall": {
        "value": 7.925146153846153,
        "passed": true
    },
    "passed": true
}