{
    "fklg": {
        "value": 8.463624595469259,
        "passed": true
    },
    "dale_chall": {
        "value": 10.642785221143473,
        "passed": false
    },
    "passed": false
}