{
    "fklg": {
        "passed": 5,
        "failed": 0,
        "avg": 9.11096254366168,
        "std_dev_avg": 0.9216149825353301
    },
    "dale_chall": {
        "passed": 0,
        "failed": 5,
        "avg": 10.77301739240848,
        "std_dev_avg": 0.20703141940655068
    },
    "passed": 0,
    "failed": 5
}