{
    "fklg": {
        "passed": 5,
        "failed": 0,
        "avg": 9.11096254366168
    },
    "dale_chall": {
        "passed": 0,
        "failed": 5,
        "avg": 10.77301739240848
    },
    "passed": 0,
    "failed": 5
}