{
    "fklg": {
        "value": 12.728771929824564,
        "passed": false
    },
    "dale_chall": {
        "value": 13.44346140350877,
        "passed": false
    },
    "passed": false
}