{
    "fklg": {
        "value": 11.155674603174607,
        "passed": true
    },
    "dale_chall": {
        "value": 13.691192063492064,
        "passed": false
    },
    "passed": false
}