{
    "fklg": {
        "value": 8.514285714285716,
        "passed": true
    },
    "dale_chall": {
        "value": 13.238023809523812,
        "passed": false
    },
    "passed": false
}