{
    "fklg": {
        "value": 9.615235849056607,
        "passed": true
    },
    "dale_chall": {
        "value": 12.039737735849057,
        "passed": false
    },
    "passed": false
}