{
    "fklg": {
        "value": 7.765000000000004,
        "passed": true
    },
    "dale_chall": {
        "value": 11.978458620689656,
        "passed": false
    },
    "passed": false
}