{
    "fklg": {
        "value": 12.450943396226418,
        "passed": false
    },
    "dale_chall": {
        "value": 12.556728930817611,
        "passed": false
    },
    "passed": false
}