{
    "fklg": {
        "passed": 4,
        "failed": 1,
        "avg": 10.11642791254867
    },
    "dale_chall": {
        "passed": 0,
        "failed": 5,
        "avg": 12.334649841269842
    },
    "passed": 0,
    "failed": 5
}