{
    "fklg": {
        "passed": 4,
        "failed": 1,
        "avg": 10.350457183167713
    },
    "dale_chall": {
        "passed": 0,
        "failed": 5,
        "avg": 12.827059202974883
    },
    "passed": 0,
    "failed": 5
}