{
    "fklg": {
        "passed": 4,
        "failed": 1,
        "avg": 10.11642791254867,
        "std_dev_avg": 1.3495048697214742
    },
    "dale_chall": {
        "passed": 0,
        "failed": 5,
        "avg": 12.334649841269842,
        "std_dev_avg": 0.9927981120095843
    },
    "passed": 0,
    "failed": 5
}