{
    "fklg": {
        "value": 11.962500000000002,
        "passed": true
    },
    "dale_chall": {
        "value": 12.396913559322035,
        "passed": false
    },
    "passed": false
}