{
    "fklg": {
        "value": 13.405483870967746,
        "passed": false
    },
    "dale_chall": {
        "value": 10.773824731182795,
        "passed": false
    },
    "passed": false
}