{
    "fklg": {
        "value": 10.332878787878794,
        "passed": true
    },
    "dale_chall": {
        "value": 10.914445454545454,
        "passed": false
    },
    "passed": false
}