{
    "fklg": {
        "value": 12.498275862068965,
        "passed": false
    },
    "dale_chall": {
        "value": 11.945950574712644,
        "passed": false
    },
    "passed": false
}