{
    "fklg": {
        "value": 9.867903225806455,
        "passed": true
    },
    "dale_chall": {
        "value": 10.51755806451613,
        "passed": false
    },
    "passed": false
}