{
    "fklg": {
        "value": 10.315634328358211,
        "passed": true
    },
    "dale_chall": {
        "value": 12.008792537313434,
        "passed": false
    },
    "passed": false
}