{
    "fklg": {
        "value": 12.762500000000003,
        "passed": false
    },
    "dale_chall": {
        "value": 12.93216779661017,
        "passed": false
    },
    "passed": false
}