{
    "fklg": {
        "value": 10.603805970149256,
        "passed": true
    },
    "dale_chall": {
        "value": 12.67454577114428,
        "passed": false
    },
    "passed": false
}