{
    "fklg": {
        "passed": 3,
        "failed": 2,
        "avg": 11.305185305837586
    },
    "dale_chall": {
        "passed": 0,
        "failed": 5,
        "avg": 11.908555140383505
    },
    "passed": 0,
    "failed": 5
}