{
    "fklg": {
        "passed": 3,
        "failed": 2,
        "avg": 11.662804285026484
    },
    "dale_chall": {
        "passed": 0,
        "failed": 5,
        "avg": 11.725851337788912
    },
    "passed": 0,
    "failed": 5
}