{
    "fklg": {
        "passed": 3,
        "failed": 2,
        "avg": 11.662804285026484,
        "std_dev_avg": 1.2568284063553206
    },
    "dale_chall": {
        "passed": 0,
        "failed": 5,
        "avg": 11.725851337788912,
        "std_dev_avg": 0.8641279519515603
    },
    "passed": 0,
    "failed": 5
}