{
    "fklg": {
        "value": 9.049166666666668,
        "passed": true
    },
    "dale_chall": {
        "value": 12.009096078431373,
        "passed": false
    },
    "passed": false
}