{
    "fklg": {
        "value": 8.76846153846154,
        "passed": true
    },
    "dale_chall": {
        "value": 10.050723076923077,
        "passed": false
    },
    "passed": false
}