{
    "fklg": {
        "value": 9.796515151515155,
        "passed": true
    },
    "dale_chall": {
        "value": 9.239748484848485,
        "passed": false
    },
    "passed": false
}