{
    "fklg": {
        "value": 11.58341836734694,
        "passed": true
    },
    "dale_chall": {
        "value": 12.300222448979593,
        "passed": false
    },
    "passed": false
}