{
    "fklg": {
        "value": 6.1448780487804875,
        "passed": true
    },
    "dale_chall": {
        "value": 7.780464227642277,
        "passed": true
    },
    "passed": true
}