{
    "fklg": {
        "value": 7.611462264150948,
        "passed": true
    },
    "dale_chall": {
        "value": 11.443888679245283,
        "passed": false
    },
    "passed": false
}