{
    "fklg": {
        "value": 10.248548387096779,
        "passed": true
    },
    "dale_chall": {
        "value": 10.00820322580645,
        "passed": false
    },
    "passed": false
}