{
    "fklg": {
        "passed": 5,
        "failed": 0,
        "avg": 8.80250176732522
    },
    "dale_chall": {
        "passed": 0,
        "failed": 5,
        "avg": 11.546446056715865
    },
    "passed": 0,
    "failed": 5
}