{
    "fklg": {
        "passed": 5,
        "failed": 0,
        "avg": 8.80250176732522,
        "std_dev_avg": 1.211032599745268
    },
    "dale_chall": {
        "passed": 0,
        "failed": 5,
        "avg": 11.546446056715865,
        "std_dev_avg": 0.639312142905348
    },
    "passed": 0,
    "failed": 5
}