{
    "fklg": {
        "value": 9.162740740740741,
        "passed": true
    },
    "dale_chall": {
        "value": 10.897550370370372,
        "passed": false
    },
    "passed": false
}