{
    "fklg": {
        "value": 5.993333333333336,
        "passed": true
    },
    "dale_chall": {
        "value": 8.240277777777777,
        "passed": true
    },
    "passed": true
}