{
    "fklg": {
        "value": 7.497306122448979,
        "passed": true
    },
    "dale_chall": {
        "value": 9.922988163265307,
        "passed": false
    },
    "passed": false
}