{
    "fklg": {
        "value": 9.013114035087721,
        "passed": true
    },
    "dale_chall": {
        "value": 9.883650877192984,
        "passed": false
    },
    "passed": false
}