{
    "fklg": {
        "value": 6.125526315789475,
        "passed": true
    },
    "dale_chall": {
        "value": 9.925068421052632,
        "passed": false
    },
    "passed": false
}