{
    "fklg": {
        "value": 6.474383992805755,
        "passed": true
    },
    "dale_chall": {
        "value": 8.270493525179857,
        "passed": true
    },
    "passed": true
}