{
    "fklg": {
        "value": 7.98733870967742,
        "passed": true
    },
    "dale_chall": {
        "value": 11.661222580645163,
        "passed": false
    },
    "passed": false
}