{
    "fklg": {
        "value": 6.118421052631579,
        "passed": true
    },
    "dale_chall": {
        "value": 8.00450350877193,
        "passed": true
    },
    "passed": true
}