{
    "fklg": {
        "passed": 5,
        "failed": 0,
        "avg": 7.637637933286879
    },
    "dale_chall": {
        "passed": 0,
        "failed": 5,
        "avg": 10.583465907066696
    },
    "passed": 0,
    "failed": 5
}