{
    "fklg": {
        "passed": 5,
        "failed": 0,
        "avg": 6.582850482771677
    },
    "dale_chall": {
        "passed": 4,
        "failed": 1,
        "avg": 8.51562513778451
    },
    "passed": 4,
    "failed": 1
}