{
    "fklg": {
        "passed": 5,
        "failed": 0,
        "avg": 7.637637933286879,
        "std_dev_avg": 0.7499214335377616
    },
    "dale_chall": {
        "passed": 0,
        "failed": 5,
        "avg": 10.583465907066696,
        "std_dev_avg": 0.556736454752858
    },
    "passed": 0,
    "failed": 5
}