{
    "fklg": {
        "value": 9.421577102803742,
        "passed": true
    },
    "dale_chall": {
        "value": 13.596815887850466,
        "passed": false
    },
    "passed": false
}