{
    "fklg": {
        "value": 6.800228104519537,
        "passed": true
    },
    "dale_chall": {
        "value": 11.450472559366755,
        "passed": false
    },
    "passed": false
}