{
    "fklg": {
        "value": 9.172516916740218,
        "passed": true
    },
    "dale_chall": {
        "value": 13.224610856134158,
        "passed": false
    },
    "passed": false
}