{
    "fklg": {
        "value": 5.863636363636363,
        "passed": true
    },
    "dale_chall": {
        "value": 8.009978787878788,
        "passed": true
    },
    "passed": true
}