{
    "fklg": {
        "value": 5.488823529411768,
        "passed": true
    },
    "dale_chall": {
        "value": 7.44951568627451,
        "passed": true
    },
    "passed": true
}