{
    "fklg": {
        "value": 7.753284848484849,
        "passed": true
    },
    "dale_chall": {
        "value": 11.653016363636365,
        "passed": false
    },
    "passed": false
}