{
    "fklg": {
        "value": 12.26666666666667,
        "passed": false
    },
    "dale_chall": {
        "value": 9.189528571428571,
        "passed": false
    },
    "passed": false
}