{
    "fklg": {
        "value": 7.1485714285714295,
        "passed": true
    },
    "dale_chall": {
        "value": 8.278400000000001,
        "passed": true
    },
    "passed": true
}