{
    "fklg": {
        "value": 7.972432432432431,
        "passed": true
    },
    "dale_chall": {
        "value": 13.295476576576577,
        "passed": false
    },
    "passed": false
}