{
    "fklg": {
        "passed": 5,
        "failed": 0,
        "avg": 8.224007880996155,
        "std_dev_avg": 0.8584313030206595
    },
    "dale_chall": {
        "passed": 0,
        "failed": 5,
        "avg": 12.644078448712863,
        "std_dev_avg": 0.8738671897690438
    },
    "passed": 0,
    "failed": 5
}