{
    "fklg": {
        "passed": 5,
        "failed": 0,
        "avg": 8.224007880996155
    },
    "dale_chall": {
        "passed": 0,
        "failed": 5,
        "avg": 12.644078448712863
    },
    "passed": 0,
    "failed": 5
}