{
    "fklg": {
        "passed": 4,
        "failed": 1,
        "avg": 7.1909080187098775
    },
    "dale_chall": {
        "passed": 4,
        "failed": 1,
        "avg": 8.18638531087076
    },
    "passed": 4,
    "failed": 1
}