{
    "fklg": {
        "value": 7.435752688172045,
        "passed": true
    },
    "dale_chall": {
        "value": 11.005160035842295,
        "passed": false
    },
    "passed": false
}