{
    "fklg": {
        "value": 7.8251851851851875,
        "passed": true
    },
    "dale_chall": {
        "value": 11.332197150997152,
        "passed": false
    },
    "passed": false
}