{
    "fklg": {
        "value": 10.61588602654177,
        "passed": true
    },
    "dale_chall": {
        "value": 11.533115612802497,
        "passed": false
    },
    "passed": false
}