{
    "fklg": {
        "value": 9.0253508510003,
        "passed": true
    },
    "dale_chall": {
        "value": 11.785667333532398,
        "passed": false
    },
    "passed": false
}