{
    "fklg": {
        "value": 9.158811609498681,
        "passed": true
    },
    "dale_chall": {
        "value": 11.970968981530344,
        "passed": false
    },
    "passed": false
}