{
    "fklg": {
        "value": 10.690000000000001,
        "passed": true
    },
    "dale_chall": {
        "value": 7.5986090909090915,
        "passed": true
    },
    "passed": true
}