{
    "fklg": {
        "passed": 5,
        "failed": 0,
        "avg": 8.812197272079596
    },
    "dale_chall": {
        "passed": 0,
        "failed": 5,
        "avg": 11.525421822940938
    },
    "passed": 0,
    "failed": 5
}