{
    "fklg": {
        "passed": 5,
        "failed": 0,
        "avg": 8.577010709096195
    },
    "dale_chall": {
        "passed": 3,
        "failed": 2,
        "avg": 8.8382126900214
    },
    "passed": 3,
    "failed": 2
}