{
    "fklg": {
        "passed": 5,
        "failed": 0,
        "avg": 8.812197272079596,
        "std_dev_avg": 0.9453826683207847
    },
    "dale_chall": {
        "passed": 0,
        "failed": 5,
        "avg": 11.525421822940938,
        "std_dev_avg": 0.28539458361697106
    },
    "passed": 0,
    "failed": 5
}