{
    "fklg": {
        "value": 9.38762987012987,
        "passed": true
    },
    "dale_chall": {
        "value": 10.538183116883117,
        "passed": false
    },
    "passed": false
}