{
    "fklg": {
        "value": 10.232857142857146,
        "passed": true
    },
    "dale_chall": {
        "value": 11.611473809523812,
        "passed": false
    },
    "passed": false
}