{
    "fklg": {
        "value": 6.2756132075471704,
        "passed": true
    },
    "dale_chall": {
        "value": 10.84803962264151,
        "passed": false
    },
    "passed": false
}