{
    "fklg": {
        "value": 6.955035211267607,
        "passed": true
    },
    "dale_chall": {
        "value": 9.187181690140847,
        "passed": false
    },
    "passed": false
}