{
    "fklg": {
        "value": 9.887857142857143,
        "passed": true
    },
    "dale_chall": {
        "value": 13.071792857142857,
        "passed": false
    },
    "passed": false
}