{
    "fklg": {
        "value": 6.719444444444445,
        "passed": true
    },
    "dale_chall": {
        "value": 10.446655555555555,
        "passed": false
    },
    "passed": false
}