{
    "fklg": {
        "passed": 5,
        "failed": 0,
        "avg": 7.8451159752492465,
        "std_dev_avg": 1.4341020249954077
    },
    "dale_chall": {
        "passed": 0,
        "failed": 5,
        "avg": 10.818370568472776,
        "std_dev_avg": 0.9132365371355249
    },
    "passed": 0,
    "failed": 5
}