{
    "fklg": {
        "passed": 5,
        "failed": 0,
        "avg": 7.8451159752492465
    },
    "dale_chall": {
        "passed": 0,
        "failed": 5,
        "avg": 10.818370568472776
    },
    "passed": 0,
    "failed": 5
}