{
    "fklg": {
        "passed": 5,
        "failed": 0,
        "avg": 8.346652625152627
    },
    "dale_chall": {
        "passed": 0,
        "failed": 5,
        "avg": 10.699049561724827
    },
    "passed": 0,
    "failed": 5
}