{
    "fklg": {
        "value": 8.638333333333332,
        "passed": true
    },
    "dale_chall": {
        "value": 11.98568888888889,
        "passed": false
    },
    "passed": false
}