{
    "fklg": {
        "value": 9.962500000000002,
        "passed": true
    },
    "dale_chall": {
        "value": 11.8616593220339,
        "passed": false
    },
    "passed": false
}