{
    "fklg": {
        "value": 8.008636363636366,
        "passed": true
    },
    "dale_chall": {
        "value": 11.632172727272728,
        "passed": false
    },
    "passed": false
}