{
    "fklg": {
        "value": 9.189137931034484,
        "passed": true
    },
    "dale_chall": {
        "value": 12.522941379310346,
        "passed": false
    },
    "passed": false
}