{
    "fklg": {
        "value": 10.33447368421053,
        "passed": true
    },
    "dale_chall": {
        "value": 12.06751754385965,
        "passed": false
    },
    "passed": false
}