{
    "fklg": {
        "passed": 5,
        "failed": 0,
        "avg": 8.802016262442944,
        "std_dev_avg": 0.7678316361436515
    },
    "dale_chall": {
        "passed": 0,
        "failed": 5,
        "avg": 11.828221357866322,
        "std_dev_avg": 0.43659349538396697
    },
    "passed": 0,
    "failed": 5
}