{
    "fklg": {
        "passed": 5,
        "failed": 0,
        "avg": 9.58879978887233
    },
    "dale_chall": {
        "passed": 0,
        "failed": 5,
        "avg": 12.182835805787802
    },
    "passed": 0,
    "failed": 5
}