{
    "fklg": {
        "passed": 5,
        "failed": 0,
        "avg": 8.802016262442944
    },
    "dale_chall": {
        "passed": 0,
        "failed": 5,
        "avg": 11.828221357866322
    },
    "passed": 0,
    "failed": 5
}