{
    "fklg": {
        "value": 12.400925925925925,
        "passed": false
    },
    "dale_chall": {
        "value": 13.663137037037037,
        "passed": false
    },
    "passed": false
}