{
    "fklg": {
        "value": 11.873055555555556,
        "passed": true
    },
    "dale_chall": {
        "value": 12.966722222222224,
        "passed": false
    },
    "passed": false
}