{
    "fklg": {
        "value": 8.800049261083746,
        "passed": true
    },
    "dale_chall": {
        "value": 12.214712807881774,
        "passed": false
    },
    "passed": false
}