{
    "fklg": {
        "value": 8.756666666666668,
        "passed": true
    },
    "dale_chall": {
        "value": 11.139825000000002,
        "passed": false
    },
    "passed": false
}