{
    "fklg": {
        "value": 8.256964285714286,
        "passed": true
    },
    "dale_chall": {
        "value": 11.738266964285716,
        "passed": false
    },
    "passed": false
}