{
    "fklg": {
        "value": 6.428947368421053,
        "passed": true
    },
    "dale_chall": {
        "value": 7.5889771929824565,
        "passed": true
    },
    "passed": true
}