{
    "fklg": {
        "value": 12.227906976744187,
        "passed": false
    },
    "dale_chall": {
        "value": 11.691619379844962,
        "passed": false
    },
    "passed": false
}