{
    "fklg": {
        "passed": 3,
        "failed": 2,
        "avg": 10.811720877195217
    },
    "dale_chall": {
        "passed": 0,
        "failed": 5,
        "avg": 12.3352032893972
    },
    "passed": 0,
    "failed": 5
}