{
    "fklg": {
        "passed": 5,
        "failed": 0,
        "avg": 7.887207420432803
    },
    "dale_chall": {
        "passed": 2,
        "failed": 3,
        "avg": 9.188669302523783
    },
    "passed": 2,
    "failed": 3
}