{
    "fklg": {
        "passed": 3,
        "failed": 2,
        "avg": 10.811720877195217,
        "std_dev_avg": 1.6266903306560074
    },
    "dale_chall": {
        "passed": 0,
        "failed": 5,
        "avg": 12.3352032893972,
        "std_dev_avg": 0.7837810721859444
    },
    "passed": 0,
    "failed": 5
}