{
    "fklg": {
        "value": 5.806666666666668,
        "passed": true
    },
    "dale_chall": {
        "value": 7.521283333333333,
        "passed": true
    },
    "passed": true
}