{
    "fklg": {
        "value": 5.067616279069767,
        "passed": true
    },
    "dale_chall": {
        "value": 8.209002325581395,
        "passed": true
    },
    "passed": true
}