{
    "fklg": {
        "value": 6.482430213464699,
        "passed": true
    },
    "dale_chall": {
        "value": 11.694221510673236,
        "passed": false
    },
    "passed": false
}