{
    "fklg": {
        "value": 4.610625000000002,
        "passed": true
    },
    "dale_chall": {
        "value": 10.086816666666667,
        "passed": false
    },
    "passed": false
}