{
    "fklg": {
        "value": 9.094021739130437,
        "passed": true
    },
    "dale_chall": {
        "value": 11.586157971014494,
        "passed": false
    },
    "passed": false
}