{
    "fklg": {
        "value": 6.5586065573770504,
        "passed": true
    },
    "dale_chall": {
        "value": 11.647487978142077,
        "passed": false
    },
    "passed": false
}