{
    "fklg": {
        "value": 5.838518518518523,
        "passed": true
    },
    "dale_chall": {
        "value": 8.176603703703703,
        "passed": true
    },
    "passed": true
}