{
    "fklg": {
        "passed": 5,
        "failed": 0,
        "avg": 7.424761701994438
    },
    "dale_chall": {
        "passed": 0,
        "failed": 5,
        "avg": 11.517300575299295
    },
    "passed": 0,
    "failed": 5
}