{
    "fklg": {
        "passed": 5,
        "failed": 0,
        "avg": 6.692096007136706
    },
    "dale_chall": {
        "passed": 3,
        "failed": 2,
        "avg": 8.556146086809402
    },
    "passed": 3,
    "failed": 2
}