{
    "fklg": {
        "passed": 5,
        "failed": 0,
        "avg": 7.424761701994438,
        "std_dev_avg": 1.8490493340566247
    },
    "dale_chall": {
        "passed": 0,
        "failed": 5,
        "avg": 11.517300575299295,
        "std_dev_avg": 0.5721935634530511
    },
    "passed": 0,
    "failed": 5
}