{
    "fklg": {
        "value": 11.315185185185186,
        "passed": true
    },
    "dale_chall": {
        "value": 10.962262962962964,
        "passed": false
    },
    "passed": false
}