{
    "fklg": {
        "value": 9.162500000000001,
        "passed": true
    },
    "dale_chall": {
        "value": 10.791150847457628,
        "passed": false
    },
    "passed": false
}