{
    "fklg": {
        "value": 8.740000000000002,
        "passed": true
    },
    "dale_chall": {
        "value": 9.123817647058823,
        "passed": false
    },
    "passed": false
}