{
    "fklg": {
        "value": 6.428947368421053,
        "passed": true
    },
    "dale_chall": {
        "value": 8.835556140350878,
        "passed": true
    },
    "passed": true
}