{
    "fklg": {
        "value": 10.898064516129036,
        "passed": true
    },
    "dale_chall": {
        "value": 10.261291397849464,
        "passed": false
    },
    "passed": false
}