{
    "fklg": {
        "value": 11.23777777777778,
        "passed": true
    },
    "dale_chall": {
        "value": 11.04738888888889,
        "passed": false
    },
    "passed": false
}