{
    "fklg": {
        "value": 11.086842105263155,
        "passed": true
    },
    "dale_chall": {
        "value": 10.497661403508772,
        "passed": false
    },
    "passed": false
}