{
    "fklg": {
        "value": 9.563673469387759,
        "passed": true
    },
    "dale_chall": {
        "value": 10.891531292517007,
        "passed": false
    },
    "passed": false
}