{
    "fklg": {
        "passed": 5,
        "failed": 0,
        "avg": 10.820308610748583
    },
    "dale_chall": {
        "passed": 0,
        "failed": 5,
        "avg": 10.73202718914542
    },
    "passed": 0,
    "failed": 5
}