{
    "fklg": {
        "passed": 5,
        "failed": 0,
        "avg": 10.820308610748583,
        "std_dev_avg": 0.5026540565443298
    },
    "dale_chall": {
        "passed": 0,
        "failed": 5,
        "avg": 10.73202718914542,
        "std_dev_avg": 0.28204063077304087
    },
    "passed": 0,
    "failed": 5
}