{
    "fklg": {
        "value": 9.175288461538461,
        "passed": true
    },
    "dale_chall": {
        "value": 11.649592307692307,
        "passed": false
    },
    "passed": false
}