{
    "fklg": {
        "value": 6.305714285714288,
        "passed": true
    },
    "dale_chall": {
        "value": 8.278400000000001,
        "passed": true
    },
    "passed": true
}