{
    "fklg": {
        "value": 7.4843090128755385,
        "passed": true
    },
    "dale_chall": {
        "value": 10.370558483547926,
        "passed": false
    },
    "passed": false
}