{
    "fklg": {
        "value": 6.530000000000005,
        "passed": true
    },
    "dale_chall": {
        "value": 8.378339215686275,
        "passed": true
    },
    "passed": true
}