{
    "fklg": {
        "value": 6.820119545726243,
        "passed": true
    },
    "dale_chall": {
        "value": 10.279154233911138,
        "passed": false
    },
    "passed": false
}