{
    "fklg": {
        "value": 9.378731092436976,
        "passed": true
    },
    "dale_chall": {
        "value": 12.055395462184874,
        "passed": false
    },
    "passed": false
}