{
    "fklg": {
        "value": 8.00752405498282,
        "passed": true
    },
    "dale_chall": {
        "value": 11.086564879725085,
        "passed": false
    },
    "passed": false
}