{
    "fklg": {
        "value": 9.261153846153846,
        "passed": true
    },
    "dale_chall": {
        "value": 8.247546153846153,
        "passed": true
    },
    "passed": true
}