{
    "fklg": {
        "passed": 5,
        "failed": 0,
        "avg": 8.173194433512007,
        "std_dev_avg": 0.8830522747805684
    },
    "dale_chall": {
        "passed": 0,
        "failed": 5,
        "avg": 11.088253073412268,
        "std_dev_avg": 0.6113926492210602
    },
    "passed": 0,
    "failed": 5
}