{
    "fklg": {
        "passed": 5,
        "failed": 0,
        "avg": 8.173194433512007
    },
    "dale_chall": {
        "passed": 0,
        "failed": 5,
        "avg": 11.088253073412268
    },
    "passed": 0,
    "failed": 5
}