{
    "fklg": {
        "passed": 5,
        "failed": 0,
        "avg": 7.621805620735855
    },
    "dale_chall": {
        "passed": 4,
        "failed": 1,
        "avg": 8.461643684195423
    },
    "passed": 4,
    "failed": 1
}