{
    "fklg": {
        "value": 11.096666666666668,
        "passed": true
    },
    "dale_chall": {
        "value": 10.377448148148149,
        "passed": false
    },
    "passed": false
}