{
    "fklg": {
        "value": 8.724669811320759,
        "passed": true
    },
    "dale_chall": {
        "value": 9.954266037735849,
        "passed": false
    },
    "passed": false
}