{
    "fklg": {
        "value": 11.987492063492066,
        "passed": true
    },
    "dale_chall": {
        "value": 11.78050761904762,
        "passed": false
    },
    "passed": false
}