{
    "fklg": {
        "value": 12.26666666666667,
        "passed": false
    },
    "dale_chall": {
        "value": 12.949052380952383,
        "passed": false
    },
    "passed": false
}