{
    "fklg": {
        "value": 10.379701492537311,
        "passed": true
    },
    "dale_chall": {
        "value": 10.400352736318407,
        "passed": false
    },
    "passed": false
}