{
    "fklg": {
        "value": 11.15214285714286,
        "passed": true
    },
    "dale_chall": {
        "value": 11.098042857142858,
        "passed": false
    },
    "passed": false
}