{
    "fklg": {
        "value": 11.362500000000004,
        "passed": true
    },
    "dale_chall": {
        "value": 11.594032203389832,
        "passed": false
    },
    "passed": false
}