{
    "fklg": {
        "value": 10.060518867924532,
        "passed": true
    },
    "dale_chall": {
        "value": 11.145964150943396,
        "passed": false
    },
    "passed": false
}