{
    "fklg": {
        "passed": 5,
        "failed": 0,
        "avg": 11.119364091045224
    },
    "dale_chall": {
        "passed": 0,
        "failed": 5,
        "avg": 11.049350055056404
    },
    "passed": 0,
    "failed": 5
}