{
    "fklg": {
        "passed": 5,
        "failed": 0,
        "avg": 11.119364091045224,
        "std_dev_avg": 0.43261705899970054
    },
    "dale_chall": {
        "passed": 0,
        "failed": 5,
        "avg": 11.049350055056404,
        "std_dev_avg": 0.3505857847858643
    },
    "passed": 0,
    "failed": 5
}