{
    "fklg": {
        "value": 7.771008771929829,
        "passed": true
    },
    "dale_chall": {
        "value": 9.883650877192984,
        "passed": false
    },
    "passed": false
}