{
    "fklg": {
        "value": 10.010909090909092,
        "passed": true
    },
    "dale_chall": {
        "value": 11.148924242424243,
        "passed": false
    },
    "passed": false
}