{
    "fklg": {
        "value": 8.15666666666667,
        "passed": true
    },
    "dale_chall": {
        "value": 10.959666666666667,
        "passed": false
    },
    "passed": false
}