{
    "fklg": {
        "value": 9.57916666666667,
        "passed": true
    },
    "dale_chall": {
        "value": 11.338225000000001,
        "passed": false
    },
    "passed": false
}