{
    "fklg": {
        "value": 8.652500000000003,
        "passed": true
    },
    "dale_chall": {
        "value": 9.773227272727274,
        "passed": false
    },
    "passed": false
}