{
    "fklg": {
        "value": 7.8607692307692325,
        "passed": true
    },
    "dale_chall": {
        "value": 10.354376923076924,
        "passed": false
    },
    "passed": false
}