{
    "fklg": {
        "passed": 5,
        "failed": 0,
        "avg": 8.898872129781715,
        "std_dev_avg": 0.7169325992049316
    },
    "dale_chall": {
        "passed": 0,
        "failed": 5,
        "avg": 10.561660344140542,
        "std_dev_avg": 0.586577015344331
    },
    "passed": 0,
    "failed": 5
}