{
    "fklg": {
        "passed": 5,
        "failed": 0,
        "avg": 8.898872129781715
    },
    "dale_chall": {
        "passed": 0,
        "failed": 5,
        "avg": 10.561660344140542
    },
    "passed": 0,
    "failed": 5
}