{
    "fklg": {
        "value": 8.475511111111114,
        "passed": true
    },
    "dale_chall": {
        "value": 11.784439456790125,
        "passed": false
    },
    "passed": false
}