{
    "fklg": {
        "value": 10.73930960663634,
        "passed": true
    },
    "dale_chall": {
        "value": 12.755651190794755,
        "passed": false
    },
    "passed": false
}