{
    "fklg": {
        "value": 8.353333333333339,
        "passed": true
    },
    "dale_chall": {
        "value": 9.643833333333333,
        "passed": false
    },
    "passed": false
}