{
    "fklg": {
        "value": 6.171428571428574,
        "passed": true
    },
    "dale_chall": {
        "value": 8.610861904761904,
        "passed": true
    },
    "passed": true
}