{
    "fklg": {
        "value": 9.609499768411304,
        "passed": true
    },
    "dale_chall": {
        "value": 12.023920935618342,
        "passed": false
    },
    "passed": false
}