{
    "fklg": {
        "value": 7.993363636363636,
        "passed": true
    },
    "dale_chall": {
        "value": 11.031845454545454,
        "passed": false
    },
    "passed": false
}