{
    "fklg": {
        "value": 9.479939721655882,
        "passed": true
    },
    "dale_chall": {
        "value": 12.054754729190675,
        "passed": false
    },
    "passed": false
}