{
    "fklg": {
        "value": 6.118421052631579,
        "passed": true
    },
    "dale_chall": {
        "value": 8.420029824561404,
        "passed": true
    },
    "passed": true
}