{
    "fklg": {
        "passed": 5,
        "failed": 0,
        "avg": 9.259524768835655
    },
    "dale_chall": {
        "passed": 0,
        "failed": 5,
        "avg": 11.93012235338787
    },
    "passed": 0,
    "failed": 5
}