{
    "fklg": {
        "passed": 5,
        "failed": 0,
        "avg": 7.560166003243404
    },
    "dale_chall": {
        "passed": 4,
        "failed": 1,
        "avg": 8.345479130178386
    },
    "passed": 4,
    "failed": 1
}