{
    "fklg": {
        "passed": 5,
        "failed": 0,
        "avg": 9.259524768835655,
        "std_dev_avg": 0.820069916078624
    },
    "dale_chall": {
        "passed": 0,
        "failed": 5,
        "avg": 11.93012235338787,
        "std_dev_avg": 0.41758391817606433
    },
    "passed": 0,
    "failed": 5
}