{
    "fklg": {
        "value": 4.131428571428572,
        "passed": true
    },
    "dale_chall": {
        "value": 7.373166666666667,
        "passed": true
    },
    "passed": true
}