{
    "fklg": {
        "value": 7.28166666666667,
        "passed": true
    },
    "dale_chall": {
        "value": 8.837116666666667,
        "passed": true
    },
    "passed": true
}