{
    "fklg": {
        "value": 6.9435377358490555,
        "passed": true
    },
    "dale_chall": {
        "value": 9.358416981132075,
        "passed": false
    },
    "passed": false
}