{
    "fklg": {
        "value": 6.2213636363636375,
        "passed": true
    },
    "dale_chall": {
        "value": 9.25880303030303,
        "passed": false
    },
    "passed": false
}