{
    "fklg": {
        "value": 13.251764705882355,
        "passed": false
    },
    "dale_chall": {
        "value": 10.981464705882354,
        "passed": false
    },
    "passed": false
}