{
    "fklg": {
        "value": 6.790000000000003,
        "passed": true
    },
    "dale_chall": {
        "value": 10.481908333333333,
        "passed": false
    },
    "passed": false
}