{
    "fklg": {
        "passed": 5,
        "failed": 0,
        "avg": 7.2871469411092065,
        "std_dev_avg": 0.7626157804459694
    },
    "dale_chall": {
        "passed": 0,
        "failed": 5,
        "avg": 10.157330668953687,
        "std_dev_avg": 0.6789765305889087
    },
    "passed": 0,
    "failed": 5
}