{
    "fklg": {
        "passed": 5,
        "failed": 0,
        "avg": 7.2871469411092065
    },
    "dale_chall": {
        "passed": 0,
        "failed": 5,
        "avg": 10.157330668953687
    },
    "passed": 0,
    "failed": 5
}