{
    "fklg": {
        "value": 7.4178571428571445,
        "passed": true
    },
    "dale_chall": {
        "value": 7.6625000000000005,
        "passed": true
    },
    "passed": true
}