{
    "fklg": {
        "value": 9.618181818181817,
        "passed": true
    },
    "dale_chall": {
        "value": 11.000509090909091,
        "passed": false
    },
    "passed": false
}