{
    "fklg": {
        "value": 6.719444444444445,
        "passed": true
    },
    "dale_chall": {
        "value": 8.98461851851852,
        "passed": true
    },
    "passed": true
}