{
    "fklg": {
        "value": 7.028717948717951,
        "passed": true
    },
    "dale_chall": {
        "value": 7.520274358974359,
        "passed": true
    },
    "passed": true
}