{
    "fklg": {
        "value": 9.949729729729729,
        "passed": true
    },
    "dale_chall": {
        "value": 11.929854954954955,
        "passed": false
    },
    "passed": false
}