{
    "fklg": {
        "value": 7.69042682926829,
        "passed": true
    },
    "dale_chall": {
        "value": 9.536607317073171,
        "passed": false
    },
    "passed": false
}