{
    "fklg": {
        "value": 5.364615384615387,
        "passed": true
    },
    "dale_chall": {
        "value": 7.317838461538462,
        "passed": true
    },
    "passed": true
}