{
    "fklg": {
        "passed": 5,
        "failed": 0,
        "avg": 7.674383394383396
    },
    "dale_chall": {
        "passed": 4,
        "failed": 1,
        "avg": 8.755791396011396
    },
    "passed": 4,
    "failed": 1
}