{
    "fklg": {
        "passed": 5,
        "failed": 0,
        "avg": 8.572507009860407
    },
    "dale_chall": {
        "passed": 1,
        "failed": 4,
        "avg": 9.98356446353125
    },
    "passed": 1,
    "failed": 4
}