{
    "fklg": {
        "passed": 5,
        "failed": 0,
        "avg": 8.572507009860407,
        "std_dev_avg": 0.9703476966938307
    },
    "dale_chall": {
        "passed": 1,
        "failed": 4,
        "avg": 9.98356446353125,
        "std_dev_avg": 1.1852940475206168
    },
    "passed": 1,
    "failed": 4
}