{
    "fklg": {
        "value": 9.44923076923077,
        "passed": true
    },
    "dale_chall": {
        "value": 12.378735897435899,
        "passed": false
    },
    "passed": false
}