{
    "fklg": {
        "value": 11.169411764705881,
        "passed": true
    },
    "dale_chall": {
        "value": 11.910288235294118,
        "passed": false
    },
    "passed": false
}