{
    "fklg": {
        "value": 6.270000000000003,
        "passed": true
    },
    "dale_chall": {
        "value": 8.113066666666667,
        "passed": true
    },
    "passed": true
}