{
    "fklg": {
        "value": 6.5262755102040835,
        "passed": true
    },
    "dale_chall": {
        "value": 11.011242857142857,
        "passed": false
    },
    "passed": false
}