{
    "fklg": {
        "value": 7.472727272727273,
        "passed": true
    },
    "dale_chall": {
        "value": 9.20619090909091,
        "passed": false
    },
    "passed": false
}