{
    "fklg": {
        "value": 11.49732456140351,
        "passed": true
    },
    "dale_chall": {
        "value": 12.930843859649123,
        "passed": false
    },
    "passed": false
}