{
    "fklg": {
        "value": 12.828571428571426,
        "passed": false
    },
    "dale_chall": {
        "value": 9.189528571428571,
        "passed": false
    },
    "passed": false
}