{
    "fklg": {
        "passed": 5,
        "failed": 0,
        "avg": 10.02224852110885,
        "std_dev_avg": 1.6275963051131377
    },
    "dale_chall": {
        "passed": 0,
        "failed": 5,
        "avg": 12.076522169904397,
        "std_dev_avg": 0.49260529894872995
    },
    "passed": 0,
    "failed": 5
}