{
    "fklg": {
        "passed": 5,
        "failed": 0,
        "avg": 10.02224852110885
    },
    "dale_chall": {
        "passed": 0,
        "failed": 5,
        "avg": 12.076522169904397
    },
    "passed": 0,
    "failed": 5
}