{
    "fklg": {
        "value": 11.554563953488373,
        "passed": true
    },
    "dale_chall": {
        "value": 11.658082945736435,
        "passed": false
    },
    "passed": false
}