{
    "fklg": {
        "value": 8.277894736842104,
        "passed": true
    },
    "dale_chall": {
        "value": 7.487584210526316,
        "passed": true
    },
    "passed": true
}