{
    "fklg": {
        "value": 10.052609223300973,
        "passed": true
    },
    "dale_chall": {
        "value": 12.246750485436893,
        "passed": false
    },
    "passed": false
}