{
    "fklg": {
        "value": 7.491111111111113,
        "passed": true
    },
    "dale_chall": {
        "value": 7.599577777777777,
        "passed": true
    },
    "passed": true
}