{
    "fklg": {
        "value": 10.580952380952379,
        "passed": true
    },
    "dale_chall": {
        "value": 7.685719047619047,
        "passed": true
    },
    "passed": true
}