{
    "fklg": {
        "value": 9.650606060606062,
        "passed": true
    },
    "dale_chall": {
        "value": 11.289351515151516,
        "passed": false
    },
    "passed": false
}