{
    "fklg": {
        "value": 10.506411764705884,
        "passed": true
    },
    "dale_chall": {
        "value": 11.309955163398694,
        "passed": false
    },
    "passed": false
}