{
    "fklg": {
        "passed": 5,
        "failed": 0,
        "avg": 10.480329109511167,
        "std_dev_avg": 0.5029771740461206
    },
    "dale_chall": {
        "passed": 0,
        "failed": 5,
        "avg": 12.089174021944707,
        "std_dev_avg": 0.8040529766189909
    },
    "passed": 0,
    "failed": 5
}