{
    "fklg": {
        "passed": 5,
        "failed": 0,
        "avg": 8.25899164578112
    },
    "dale_chall": {
        "passed": 4,
        "failed": 1,
        "avg": 7.924136207184628
    },
    "passed": 4,
    "failed": 1
}