{
    "fklg": {
        "passed": 5,
        "failed": 0,
        "avg": 10.480329109511167
    },
    "dale_chall": {
        "passed": 0,
        "failed": 5,
        "avg": 12.089174021944707
    },
    "passed": 0,
    "failed": 5
}