{
    "fklg": {
        "value": 5.806666666666668,
        "passed": true
    },
    "dale_chall": {
        "value": 8.837116666666667,
        "passed": true
    },
    "passed": true
}