{
    "fklg": {
        "value": 9.579734042553195,
        "passed": true
    },
    "dale_chall": {
        "value": 11.610363829787236,
        "passed": false
    },
    "passed": false
}