{
    "fklg": {
        "value": 5.504473684210527,
        "passed": true
    },
    "dale_chall": {
        "value": 8.262963157894736,
        "passed": true
    },
    "passed": true
}