{
    "fklg": {
        "value": 8.45280612244898,
        "passed": true
    },
    "dale_chall": {
        "value": 12.622467346938775,
        "passed": false
    },
    "passed": false
}