{
    "fklg": {
        "value": 5.884285714285717,
        "passed": true
    },
    "dale_chall": {
        "value": 8.278400000000001,
        "passed": true
    },
    "passed": true
}