{
    "fklg": {
        "value": 7.1485714285714295,
        "passed": true
    },
    "dale_chall": {
        "value": 11.66197142857143,
        "passed": false
    },
    "passed": false
}