{
    "fklg": {
        "value": 12.860000000000003,
        "passed": false
    },
    "dale_chall": {
        "value": 10.944500000000001,
        "passed": false
    },
    "passed": false
}