{
    "fklg": {
        "value": 14.148837209302329,
        "passed": false
    },
    "dale_chall": {
        "value": 12.426037984496125,
        "passed": false
    },
    "passed": false
}