{
    "fklg": {
        "passed": 4,
        "failed": 1,
        "avg": 7.095085213032583
    },
    "dale_chall": {
        "passed": 4,
        "failed": 1,
        "avg": 8.722695964912281
    },
    "passed": 4,
    "failed": 1
}