{
    "fklg": {
        "passed": 4,
        "failed": 1,
        "avg": 9.782189760575186
    },
    "dale_chall": {
        "passed": 0,
        "failed": 5,
        "avg": 11.968148117958712
    },
    "passed": 0,
    "failed": 5
}