{
    "fklg": {
        "passed": 4,
        "failed": 1,
        "avg": 9.782189760575186,
        "std_dev_avg": 1.7466589794908565
    },
    "dale_chall": {
        "passed": 0,
        "failed": 5,
        "avg": 11.968148117958712,
        "std_dev_avg": 0.44488363820698923
    },
    "passed": 0,
    "failed": 5
}