{
    "fklg": {
        "value": 8.06349295774648,
        "passed": true
    },
    "dale_chall": {
        "value": 13.236594647887324,
        "passed": false
    },
    "passed": false
}