{
    "fklg": {
        "value": 10.142724637681162,
        "passed": true
    },
    "dale_chall": {
        "value": 13.016922028985508,
        "passed": false
    },
    "passed": false
}