{
    "fklg": {
        "value": 10.925256410256413,
        "passed": true
    },
    "dale_chall": {
        "value": 12.903571794871795,
        "passed": false
    },
    "passed": false
}