{
    "fklg": {
        "value": 8.918571428571433,
        "passed": true
    },
    "dale_chall": {
        "value": 12.225900000000001,
        "passed": false
    },
    "passed": false
}