{
    "fklg": {
        "value": 8.833513513513513,
        "passed": true
    },
    "dale_chall": {
        "value": 11.28971981981982,
        "passed": false
    },
    "passed": false
}