{
    "fklg": {
        "passed": 5,
        "failed": 0,
        "avg": 9.014312316563021,
        "std_dev_avg": 0.7643776374773559
    },
    "dale_chall": {
        "passed": 0,
        "failed": 5,
        "avg": 12.368401252515788,
        "std_dev_avg": 0.561345575091017
    },
    "passed": 0,
    "failed": 5
}