{
    "fklg": {
        "passed": 5,
        "failed": 0,
        "avg": 9.014312316563021
    },
    "dale_chall": {
        "passed": 0,
        "failed": 5,
        "avg": 12.368401252515788
    },
    "passed": 0,
    "failed": 5
}