{
    "fklg": {
        "value": 8.903695652173912,
        "passed": true
    },
    "dale_chall": {
        "value": 11.300957971014494,
        "passed": false
    },
    "passed": false
}