{
    "fklg": {
        "value": 10.975181159420288,
        "passed": true
    },
    "dale_chall": {
        "value": 12.272679710144928,
        "passed": false
    },
    "passed": false
}