{
    "fklg": {
        "value": 7.165714285714287,
        "passed": true
    },
    "dale_chall": {
        "value": 12.561309523809523,
        "passed": false
    },
    "passed": false
}