{
    "fklg": {
        "value": 11.34297619047619,
        "passed": true
    },
    "dale_chall": {
        "value": 13.691192063492064,
        "passed": false
    },
    "passed": false
}