{
    "fklg": {
        "value": 8.113750000000003,
        "passed": true
    },
    "dale_chall": {
        "value": 11.813847916666667,
        "passed": false
    },
    "passed": false
}