{
    "fklg": {
        "value": 9.116000000000003,
        "passed": true
    },
    "dale_chall": {
        "value": 12.350993846153846,
        "passed": false
    },
    "passed": false
}