{
    "fklg": {
        "value": 11.079807692307693,
        "passed": true
    },
    "dale_chall": {
        "value": 12.458961538461537,
        "passed": false
    },
    "passed": false
}