{
    "fklg": {
        "passed": 5,
        "failed": 0,
        "avg": 10.083082138875618,
        "std_dev_avg": 1.2594874502309275
    },
    "dale_chall": {
        "passed": 0,
        "failed": 5,
        "avg": 12.307527839955938,
        "std_dev_avg": 0.6140391688166901
    },
    "passed": 0,
    "failed": 5
}