{
    "fklg": {
        "passed": 5,
        "failed": 0,
        "avg": 10.083082138875618
    },
    "dale_chall": {
        "passed": 0,
        "failed": 5,
        "avg": 12.307527839955938
    },
    "passed": 0,
    "failed": 5
}