{
    "fklg": {
        "value": 10.330000000000002,
        "passed": true
    },
    "dale_chall": {
        "value": 13.179366666666667,
        "passed": false
    },
    "passed": false
}