{
    "fklg": {
        "value": 8.545454545454547,
        "passed": true
    },
    "dale_chall": {
        "value": 11.718236363636365,
        "passed": false
    },
    "passed": false
}