{
    "fklg": {
        "value": 6.500925925925927,
        "passed": true
    },
    "dale_chall": {
        "value": 11.616285185185186,
        "passed": false
    },
    "passed": false
}