{
    "fklg": {
        "value": 9.248333333333335,
        "passed": true
    },
    "dale_chall": {
        "value": 11.468783333333334,
        "passed": false
    },
    "passed": false
}