{
    "fklg": {
        "value": 8.586421568627454,
        "passed": true
    },
    "dale_chall": {
        "value": 12.937919607843138,
        "passed": false
    },
    "passed": false
}