{
    "fklg": {
        "value": 12.55764705882353,
        "passed": false
    },
    "dale_chall": {
        "value": 10.052641176470589,
        "passed": false
    },
    "passed": false
}