{
    "fklg": {
        "passed": 5,
        "failed": 0,
        "avg": 8.642227074668252,
        "std_dev_avg": 0.9175516735987324
    },
    "dale_chall": {
        "passed": 0,
        "failed": 5,
        "avg": 12.184118231332938,
        "std_dev_avg": 0.6996199247375717
    },
    "passed": 0,
    "failed": 5
}