{
    "fklg": {
        "passed": 5,
        "failed": 0,
        "avg": 8.642227074668252
    },
    "dale_chall": {
        "passed": 0,
        "failed": 5,
        "avg": 12.184118231332938
    },
    "passed": 0,
    "failed": 5
}