{
    "fklg": {
        "value": 10.898269230769234,
        "passed": true
    },
    "dale_chall": {
        "value": 11.244346153846156,
        "passed": false
    },
    "passed": false
}