{
    "fklg": {
        "value": 10.22405633802817,
        "passed": true
    },
    "dale_chall": {
        "value": 11.902228450704225,
        "passed": false
    },
    "passed": false
}