{
    "fklg": {
        "value": 12.162500000000001,
        "passed": false
    },
    "dale_chall": {
        "value": 11.058777966101694,
        "passed": false
    },
    "passed": false
}