{
    "fklg": {
        "value": 11.055860655737707,
        "passed": true
    },
    "dale_chall": {
        "value": 11.381916393442623,
        "passed": false
    },
    "passed": false
}