{
    "fklg": {
        "value": 7.8923039215686295,
        "passed": true
    },
    "dale_chall": {
        "value": 11.389880392156863,
        "passed": false
    },
    "passed": false
}