{
    "fklg": {
        "value": 12.38825396825397,
        "passed": false
    },
    "dale_chall": {
        "value": 11.858146031746031,
        "passed": false
    },
    "passed": false
}