{
    "fklg": {
        "value": 11.342941176470589,
        "passed": true
    },
    "dale_chall": {
        "value": 10.749258823529411,
        "passed": false
    },
    "passed": false
}