{
    "fklg": {
        "passed": 3,
        "failed": 2,
        "avg": 10.713076691724002
    },
    "dale_chall": {
        "passed": 0,
        "failed": 5,
        "avg": 11.490675798910992
    },
    "passed": 0,
    "failed": 5
}