{
    "fklg": {
        "passed": 5,
        "failed": 0,
        "avg": 10.37579132619398
    },
    "dale_chall": {
        "passed": 0,
        "failed": 5,
        "avg": 11.223887262176657
    },
    "passed": 0,
    "failed": 5
}