{
    "fklg": {
        "passed": 3,
        "failed": 2,
        "avg": 10.713076691724002,
        "std_dev_avg": 1.3239172495404807
    },
    "dale_chall": {
        "passed": 0,
        "failed": 5,
        "avg": 11.490675798910992,
        "std_dev_avg": 0.31160915385130716
    },
    "passed": 0,
    "failed": 5
}