{
    "fklg": {
        "value": 7.939722222222223,
        "passed": true
    },
    "dale_chall": {
        "value": 11.914055555555557,
        "passed": false
    },
    "passed": false
}