{
    "fklg": {
        "value": 4.804461538461542,
        "passed": true
    },
    "dale_chall": {
        "value": 11.136378461538463,
        "passed": false
    },
    "passed": false
}