{
    "fklg": {
        "value": 6.578333333333337,
        "passed": true
    },
    "dale_chall": {
        "value": 8.761263636363637,
        "passed": true
    },
    "passed": true
}