{
    "fklg": {
        "value": 6.780000000000001,
        "passed": true
    },
    "dale_chall": {
        "value": 8.591166666666666,
        "passed": true
    },
    "passed": true
}