{
    "fklg": {
        "value": 6.330322580645163,
        "passed": true
    },
    "dale_chall": {
        "value": 7.7145172043010755,
        "passed": true
    },
    "passed": true
}