{
    "fklg": {
        "value": 7.698823529411765,
        "passed": true
    },
    "dale_chall": {
        "value": 8.19499411764706,
        "passed": true
    },
    "passed": true
}