{
    "fklg": {
        "value": 5.497368421052631,
        "passed": true
    },
    "dale_chall": {
        "value": 8.420029824561404,
        "passed": true
    },
    "passed": true
}