{
    "fklg": {
        "value": 7.0120000000000005,
        "passed": true
    },
    "dale_chall": {
        "value": 11.44771220338983,
        "passed": false
    },
    "passed": false
}