{
    "fklg": {
        "passed": 5,
        "failed": 0,
        "avg": 7.0168367521367525,
        "std_dev_avg": 1.6672194871794868
    },
    "dale_chall": {
        "passed": 0,
        "failed": 5,
        "avg": 11.524122577430104,
        "std_dev_avg": 0.23100416027813997
    },
    "passed": 0,
    "failed": 5
}