{
    "fklg": {
        "passed": 5,
        "failed": 0,
        "avg": 6.576969572888579
    },
    "dale_chall": {
        "passed": 5,
        "failed": 0,
        "avg": 8.336394289907968
    },
    "passed": 5,
    "failed": 0
}