{
    "fklg": {
        "passed": 5,
        "failed": 0,
        "avg": 7.0168367521367525
    },
    "dale_chall": {
        "passed": 0,
        "failed": 5,
        "avg": 11.524122577430104
    },
    "passed": 0,
    "failed": 5
}