{
    "fklg": {
        "value": 8.60070702966274,
        "passed": true
    },
    "dale_chall": {
        "value": 11.36291793308953,
        "passed": false
    },
    "passed": false
}