{
    "fklg": {
        "value": 8.986319397993313,
        "passed": true
    },
    "dale_chall": {
        "value": 12.193805953177257,
        "passed": false
    },
    "passed": false
}