{
    "fklg": {
        "value": 9.031597051597057,
        "passed": true
    },
    "dale_chall": {
        "value": 11.238642751842752,
        "passed": false
    },
    "passed": false
}