{
    "fklg": {
        "value": 5.206666666666667,
        "passed": true
    },
    "dale_chall": {
        "value": 6.485833333333334,
        "passed": true
    },
    "passed": true
}