{
    "fklg": {
        "value": 7.983417052214147,
        "passed": true
    },
    "dale_chall": {
        "value": 11.429886120290814,
        "passed": false
    },
    "passed": false
}