{
    "fklg": {
        "value": 4.964444444444446,
        "passed": true
    },
    "dale_chall": {
        "value": 7.591788888888889,
        "passed": true
    },
    "passed": true
}