{
    "fklg": {
        "value": 9.785555555555558,
        "passed": true
    },
    "dale_chall": {
        "value": 8.03818888888889,
        "passed": true
    },
    "passed": true
}