{
    "fklg": {
        "passed": 5,
        "failed": 0,
        "avg": 7.9596470588235295
    },
    "dale_chall": {
        "passed": 5,
        "failed": 0,
        "avg": 7.839282614379085
    },
    "passed": 5,
    "failed": 0
}