{
    "fklg": {
        "passed": 5,
        "failed": 0,
        "avg": 8.183228106293452
    },
    "dale_chall": {
        "passed": 0,
        "failed": 5,
        "avg": 11.313619885013402
    },
    "passed": 0,
    "failed": 5
}