{
    "fklg": {
        "passed": 5,
        "failed": 0,
        "avg": 8.183228106293452,
        "std_dev_avg": 0.8275756641491021
    },
    "dale_chall": {
        "passed": 0,
        "failed": 5,
        "avg": 11.313619885013402,
        "std_dev_avg": 0.4183001406069561
    },
    "passed": 0,
    "failed": 5
}