{
    "fklg": {
        "value": 10.297393939393942,
        "passed": true
    },
    "dale_chall": {
        "value": 11.707735151515152,
        "passed": false
    },
    "passed": false
}