{
    "fklg": {
        "value": 7.902000000000001,
        "passed": true
    },
    "dale_chall": {
        "value": 11.094966666666666,
        "passed": false
    },
    "passed": false
}