{
    "fklg": {
        "value": 6.780000000000001,
        "passed": true
    },
    "dale_chall": {
        "value": 8.854333333333333,
        "passed": true
    },
    "passed": true
}