{
    "fklg": {
        "value": 10.526938775510207,
        "passed": true
    },
    "dale_chall": {
        "value": 11.536021088435374,
        "passed": false
    },
    "passed": false
}