{
    "fklg": {
        "value": 12.585454545454546,
        "passed": false
    },
    "dale_chall": {
        "value": 12.871469696969697,
        "passed": false
    },
    "passed": false
}