{
    "fklg": {
        "value": 8.366212121212126,
        "passed": true
    },
    "dale_chall": {
        "value": 8.282778787878788,
        "passed": true
    },
    "passed": true
}