{
    "fklg": {
        "passed": 4,
        "failed": 1,
        "avg": 9.61835745207174
    },
    "dale_chall": {
        "passed": 1,
        "failed": 4,
        "avg": 11.212905187384045
    },
    "passed": 1,
    "failed": 4
}