{
    "fklg": {
        "passed": 4,
        "failed": 1,
        "avg": 9.61835745207174,
        "std_dev_avg": 1.8218859616573904
    },
    "dale_chall": {
        "passed": 1,
        "failed": 4,
        "avg": 11.212905187384045,
        "std_dev_avg": 0.9906041499072358
    },
    "passed": 1,
    "failed": 4
}