{
    "fklg": {
        "value": 5.164097560975613,
        "passed": true
    },
    "dale_chall": {
        "value": 14.056390731707317,
        "passed": false
    },
    "passed": false
}