{
    "fklg": {
        "value": 5.186842105263157,
        "passed": true
    },
    "dale_chall": {
        "value": 8.00450350877193,
        "passed": true
    },
    "passed": true
}