{
    "fklg": {
        "value": 7.570000000000004,
        "passed": true
    },
    "dale_chall": {
        "value": 9.406257142857143,
        "passed": false
    },
    "passed": false
}