{
    "fklg": {
        "value": 5.182962962962968,
        "passed": true
    },
    "dale_chall": {
        "value": 9.63864074074074,
        "passed": false
    },
    "passed": false
}