{
    "fklg": {
        "value": 6.9530769230769245,
        "passed": true
    },
    "dale_chall": {
        "value": 10.65803076923077,
        "passed": false
    },
    "passed": false
}