{
    "fklg": {
        "value": 7.3750000000000036,
        "passed": true
    },
    "dale_chall": {
        "value": 9.569433333333334,
        "passed": false
    },
    "passed": false
}