{
    "fklg": {
        "value": 9.146666666666668,
        "passed": true
    },
    "dale_chall": {
        "value": 10.354376923076924,
        "passed": false
    },
    "passed": false
}