{
    "fklg": {
        "value": 6.384393442622951,
        "passed": true
    },
    "dale_chall": {
        "value": 10.454079016393443,
        "passed": false
    },
    "passed": false
}