{
    "fklg": {
        "passed": 5,
        "failed": 0,
        "avg": 6.211906177927692
    },
    "dale_chall": {
        "passed": 0,
        "failed": 5,
        "avg": 10.87531491828112
    },
    "passed": 0,
    "failed": 5
}