{
    "fklg": {
        "passed": 5,
        "failed": 0,
        "avg": 6.211906177927692,
        "std_dev_avg": 0.8307007327667212
    },
    "dale_chall": {
        "passed": 0,
        "failed": 5,
        "avg": 10.87531491828112,
        "std_dev_avg": 1.2724303253704778
    },
    "passed": 0,
    "failed": 5
}