{
    "fklg": {
        "value": 10.74975609756098,
        "passed": true
    },
    "dale_chall": {
        "value": 11.246561788617887,
        "passed": false
    },
    "passed": false
}