{
    "fklg": {
        "value": 6.790000000000003,
        "passed": true
    },
    "dale_chall": {
        "value": 9.495033333333335,
        "passed": false
    },
    "passed": false
}