{
    "fklg": {
        "value": 8.813636363636366,
        "passed": true
    },
    "dale_chall": {
        "value": 10.641645454545454,
        "passed": false
    },
    "passed": false
}