{
    "fklg": {
        "value": 5.807894736842105,
        "passed": true
    },
    "dale_chall": {
        "value": 8.835556140350878,
        "passed": true
    },
    "passed": true
}