{
    "fklg": {
        "value": 2.399210526315791,
        "passed": true
    },
    "dale_chall": {
        "value": 6.600857894736842,
        "passed": true
    },
    "passed": true
}