{
    "fklg": {
        "value": 6.446190476190477,
        "passed": true
    },
    "dale_chall": {
        "value": 6.9625666666666675,
        "passed": true
    },
    "passed": true
}