{
    "fklg": {
        "value": 6.851521739130437,
        "passed": true
    },
    "dale_chall": {
        "value": 9.35581304347826,
        "passed": false
    },
    "passed": false
}