{
    "fklg": {
        "passed": 5,
        "failed": 0,
        "avg": 7.802561787433978,
        "std_dev_avg": 1.5833075545317559
    },
    "dale_chall": {
        "passed": 1,
        "failed": 4,
        "avg": 9.914921952065162,
        "std_dev_avg": 0.823345335613206
    },
    "passed": 1,
    "failed": 4
}