{
    "fklg": {
        "passed": 5,
        "failed": 0,
        "avg": 7.802561787433978
    },
    "dale_chall": {
        "passed": 1,
        "failed": 4,
        "avg": 9.914921952065162
    },
    "passed": 1,
    "failed": 4
}