{
    "fklg": {
        "passed": 5,
        "failed": 0,
        "avg": 7.079556390977444
    },
    "dale_chall": {
        "passed": 3,
        "failed": 2,
        "avg": 8.607489912280702
    },
    "passed": 3,
    "failed": 2
}