{
    "fklg": {
        "value": 10.693731343283584,
        "passed": true
    },
    "dale_chall": {
        "value": 11.316427133562955,
        "passed": false
    },
    "passed": false
}