{
    "fklg": {
        "value": 9.634166666666669,
        "passed": true
    },
    "dale_chall": {
        "value": 10.853212280701754,
        "passed": false
    },
    "passed": false
}