{
    "fklg": {
        "value": 9.590317902955942,
        "passed": true
    },
    "dale_chall": {
        "value": 11.152463413273843,
        "passed": false
    },
    "passed": false
}