{
    "fklg": {
        "value": 5.9162790697674446,
        "passed": true
    },
    "dale_chall": {
        "value": 7.652317054263566,
        "passed": true
    },
    "passed": true
}