{
    "fklg": {
        "value": 6.490344827586206,
        "passed": true
    },
    "dale_chall": {
        "value": 9.016311494252873,
        "passed": false
    },
    "passed": false
}