{
    "fklg": {
        "value": 9.330442525634108,
        "passed": true
    },
    "dale_chall": {
        "value": 10.863785590933622,
        "passed": false
    },
    "passed": false
}