{
    "fklg": {
        "value": 8.527702702702705,
        "passed": true
    },
    "dale_chall": {
        "value": 7.968154054054054,
        "passed": true
    },
    "passed": true
}