{
    "fklg": {
        "value": 8.995384615384616,
        "passed": true
    },
    "dale_chall": {
        "value": 11.417165384615386,
        "passed": false
    },
    "passed": false
}