{
    "fklg": {
        "passed": 5,
        "failed": 0,
        "avg": 9.648808610784982
    },
    "dale_chall": {
        "passed": 0,
        "failed": 5,
        "avg": 11.120610760617513
    },
    "passed": 0,
    "failed": 5
}