{
    "fklg": {
        "passed": 5,
        "failed": 0,
        "avg": 9.648808610784982,
        "std_dev_avg": 0.4179690929994393
    },
    "dale_chall": {
        "passed": 0,
        "failed": 5,
        "avg": 11.120610760617513,
        "std_dev_avg": 0.20968945983985882
    },
    "passed": 0,
    "failed": 5
}