{
    "fklg": {
        "value": 7.117777777777778,
        "passed": true
    },
    "dale_chall": {
        "value": 11.688088888888888,
        "passed": false
    },
    "passed": false
}