{
    "fklg": {
        "value": 9.095357142857143,
        "passed": true
    },
    "dale_chall": {
        "value": 11.435477777777777,
        "passed": false
    },
    "passed": false
}