{
    "fklg": {
        "value": 8.137676056338034,
        "passed": true
    },
    "dale_chall": {
        "value": 12.229630516431925,
        "passed": false
    },
    "passed": false
}