{
    "fklg": {
        "value": 7.70659420289855,
        "passed": true
    },
    "dale_chall": {
        "value": 12.674001449275362,
        "passed": false
    },
    "passed": false
}