{
    "fklg": {
        "value": 9.677580645161296,
        "passed": true
    },
    "dale_chall": {
        "value": 12.55497741935484,
        "passed": false
    },
    "passed": false
}