{
    "fklg": {
        "value": 8.185043859649124,
        "passed": true
    },
    "dale_chall": {
        "value": 11.822773684210528,
        "passed": false
    },
    "passed": false
}