{
    "fklg": {
        "passed": 5,
        "failed": 0,
        "avg": 8.34699716500656,
        "std_dev_avg": 0.8315773832021272
    },
    "dale_chall": {
        "passed": 0,
        "failed": 5,
        "avg": 12.116435210345758,
        "std_dev_avg": 0.44372150160994084
    },
    "passed": 0,
    "failed": 5
}