{
    "fklg": {
        "passed": 5,
        "failed": 0,
        "avg": 8.34699716500656
    },
    "dale_chall": {
        "passed": 0,
        "failed": 5,
        "avg": 12.116435210345758
    },
    "passed": 0,
    "failed": 5
}