{
    "fklg": {
        "value": 6.540000000000003,
        "passed": true
    },
    "dale_chall": {
        "value": 7.839433333333333,
        "passed": true
    },
    "passed": true
}