{
    "fklg": {
        "value": 8.412857142857145,
        "passed": true
    },
    "dale_chall": {
        "value": 9.970185714285716,
        "passed": false
    },
    "passed": false
}