{
    "fklg": {
        "value": 6.727142857142859,
        "passed": true
    },
    "dale_chall": {
        "value": 7.714471428571429,
        "passed": true
    },
    "passed": true
}