{
    "fklg": {
        "value": 8.802235294117647,
        "passed": true
    },
    "dale_chall": {
        "value": 11.509442352941175,
        "passed": false
    },
    "passed": false
}