{
    "fklg": {
        "value": 7.492253968253973,
        "passed": true
    },
    "dale_chall": {
        "value": 11.279237777777777,
        "passed": false
    },
    "passed": false
}