{
    "fklg": {
        "value": 7.981249999999999,
        "passed": true
    },
    "dale_chall": {
        "value": 8.377600000000001,
        "passed": true
    },
    "passed": true
}