{
    "fklg": {
        "value": 9.607065217391305,
        "passed": true
    },
    "dale_chall": {
        "value": 12.272679710144928,
        "passed": false
    },
    "passed": false
}