{
    "fklg": {
        "passed": 4,
        "failed": 1,
        "avg": 9.575661653528343
    },
    "dale_chall": {
        "passed": 0,
        "failed": 5,
        "avg": 11.970087968172775
    },
    "passed": 0,
    "failed": 5
}