{
    "fklg": {
        "passed": 5,
        "failed": 0,
        "avg": 6.998850000000001
    },
    "dale_chall": {
        "passed": 4,
        "failed": 1,
        "avg": 8.389558095238096
    },
    "passed": 4,
    "failed": 1
}