{
    "fklg": {
        "passed": 4,
        "failed": 1,
        "avg": 9.575661653528343,
        "std_dev_avg": 1.1734482792853633
    },
    "dale_chall": {
        "passed": 0,
        "failed": 5,
        "avg": 11.970087968172775,
        "std_dev_avg": 0.46059832225064024
    },
    "passed": 0,
    "failed": 5
}