{
    "fklg": {
        "value": 7.8898888888888905,
        "passed": true
    },
    "dale_chall": {
        "value": 10.710601111111112,
        "passed": false
    },
    "passed": false
}