{
    "fklg": {
        "value": 10.141052631578948,
        "passed": true
    },
    "dale_chall": {
        "value": 11.85061052631579,
        "passed": false
    },
    "passed": false
}