{
    "fklg": {
        "value": 8.628705882352943,
        "passed": true
    },
    "dale_chall": {
        "value": 13.134883529411765,
        "passed": false
    },
    "passed": false
}