{
    "fklg": {
        "value": 11.362500000000004,
        "passed": true
    },
    "dale_chall": {
        "value": 14.002676271186441,
        "passed": false
    },
    "passed": false
}