{
    "fklg": {
        "value": 9.185253731343284,
        "passed": true
    },
    "dale_chall": {
        "value": 12.549647462686568,
        "passed": false
    },
    "passed": false
}