{
    "fklg": {
        "value": 9.487345679012346,
        "passed": true
    },
    "dale_chall": {
        "value": 12.298569135802468,
        "passed": false
    },
    "passed": false
}