{
    "fklg": {
        "passed": 5,
        "failed": 0,
        "avg": 9.760971584857504
    },
    "dale_chall": {
        "passed": 0,
        "failed": 5,
        "avg": 12.767277385080607
    },
    "passed": 0,
    "failed": 5
}