{
    "fklg": {
        "passed": 5,
        "failed": 0,
        "avg": 9.760971584857504,
        "std_dev_avg": 0.7926437847455765
    },
    "dale_chall": {
        "passed": 0,
        "failed": 5,
        "avg": 12.767277385080607,
        "std_dev_avg": 0.6412020121747972
    },
    "passed": 0,
    "failed": 5
}