{
    "fklg": {
        "value": 3.653333333333336,
        "passed": true
    },
    "dale_chall": {
        "value": 6.714566666666667,
        "passed": true
    },
    "passed": true
}