{
    "fklg": {
        "value": 4.964444444444446,
        "passed": true
    },
    "dale_chall": {
        "value": 8.469011111111111,
        "passed": true
    },
    "passed": true
}