{
    "fklg": {
        "value": 8.72075396825397,
        "passed": true
    },
    "dale_chall": {
        "value": 10.683573015873016,
        "passed": false
    },
    "passed": false
}