{
    "fklg": {
        "value": 11.337180851063831,
        "passed": true
    },
    "dale_chall": {
        "value": 12.954193617021279,
        "passed": false
    },
    "passed": false
}