{
    "fklg": {
        "value": 6.8750000000000036,
        "passed": true
    },
    "dale_chall": {
        "value": 8.377600000000001,
        "passed": true
    },
    "passed": true
}