{
    "fklg": {
        "value": 8.123676470588236,
        "passed": true
    },
    "dale_chall": {
        "value": 11.389880392156863,
        "passed": false
    },
    "passed": false
}