{
    "fklg": {
        "value": 6.81803191489362,
        "passed": true
    },
    "dale_chall": {
        "value": 10.938448936170213,
        "passed": false
    },
    "passed": false
}