{
    "fklg": {
        "value": 7.794318181818184,
        "passed": true
    },
    "dale_chall": {
        "value": 10.34740909090909,
        "passed": false
    },
    "passed": false
}