{
    "fklg": {
        "passed": 5,
        "failed": 0,
        "avg": 8.558792277323569,
        "std_dev_avg": 1.176140105868266
    },
    "dale_chall": {
        "passed": 0,
        "failed": 5,
        "avg": 11.262701010426092,
        "std_dev_avg": 0.7274687953303829
    },
    "passed": 0,
    "failed": 5
}