{
    "fklg": {
        "passed": 5,
        "failed": 0,
        "avg": 6.0773888888888905
    },
    "dale_chall": {
        "passed": 5,
        "failed": 0,
        "avg": 7.990699722222223
    },
    "passed": 5,
    "failed": 0
}