{
    "fklg": {
        "passed": 5,
        "failed": 0,
        "avg": 8.558792277323569
    },
    "dale_chall": {
        "passed": 0,
        "failed": 5,
        "avg": 11.262701010426092
    },
    "passed": 0,
    "failed": 5
}