{
    "fklg": {
        "value": 9.997115384615388,
        "passed": true
    },
    "dale_chall": {
        "value": 11.812664102564103,
        "passed": false
    },
    "passed": false
}