{
    "fklg": {
        "value": 10.748214285714287,
        "passed": true
    },
    "dale_chall": {
        "value": 12.642214285714285,
        "passed": false
    },
    "passed": false
}