{
    "fklg": {
        "value": 6.154285714285717,
        "passed": true
    },
    "dale_chall": {
        "value": 8.72659523809524,
        "passed": true
    },
    "passed": true
}