{
    "fklg": {
        "value": 6.340862068965521,
        "passed": true
    },
    "dale_chall": {
        "value": 7.622596551724138,
        "passed": true
    },
    "passed": true
}