{
    "fklg": {
        "value": 8.146666666666668,
        "passed": true
    },
    "dale_chall": {
        "value": 8.03818888888889,
        "passed": true
    },
    "passed": true
}