{
    "fklg": {
        "value": 5.408333333333335,
        "passed": true
    },
    "dale_chall": {
        "value": 7.814988888888889,
        "passed": true
    },
    "passed": true
}