{
    "fklg": {
        "value": 8.213076923076922,
        "passed": true
    },
    "dale_chall": {
        "value": 11.961366666666667,
        "passed": false
    },
    "passed": false
}