{
    "fklg": {
        "value": 6.760540540540543,
        "passed": true
    },
    "dale_chall": {
        "value": 8.515800900900901,
        "passed": true
    },
    "passed": true
}