{
    "fklg": {
        "value": 8.346521739130438,
        "passed": true
    },
    "dale_chall": {
        "value": 10.23246811594203,
        "passed": false
    },
    "passed": false
}