{
    "fklg": {
        "value": 9.038380952380955,
        "passed": true
    },
    "dale_chall": {
        "value": 11.57218761904762,
        "passed": false
    },
    "passed": false
}