{
    "fklg": {
        "passed": 5,
        "failed": 0,
        "avg": 6.562137664758357
    },
    "dale_chall": {
        "passed": 5,
        "failed": 0,
        "avg": 8.143634093699612
    },
    "passed": 5,
    "failed": 0
}