{
    "fklg": {
        "passed": 5,
        "failed": 0,
        "avg": 9.268661856983599
    },
    "dale_chall": {
        "passed": 0,
        "failed": 5,
        "avg": 11.64418015798694
    },
    "passed": 0,
    "failed": 5
}