{
    "fklg": {
        "passed": 5,
        "failed": 0,
        "avg": 9.268661856983599,
        "std_dev_avg": 0.8832023825449915
    },
    "dale_chall": {
        "passed": 0,
        "failed": 5,
        "avg": 11.64418015798694,
        "std_dev_avg": 0.593481832393693
    },
    "passed": 0,
    "failed": 5
}