{
    "fklg": {
        "value": 6.2212121212121225,
        "passed": true
    },
    "dale_chall": {
        "value": 8.966948484848485,
        "passed": true
    },
    "passed": true
}