{
    "fklg": {
        "value": 5.901250000000001,
        "passed": true
    },
    "dale_chall": {
        "value": 8.113066666666667,
        "passed": true
    },
    "passed": true
}