{
    "fklg": {
        "value": 10.138520408163266,
        "passed": true
    },
    "dale_chall": {
        "value": 11.977977551020409,
        "passed": false
    },
    "passed": false
}