{
    "fklg": {
        "value": 11.900975609756099,
        "passed": true
    },
    "dale_chall": {
        "value": 11.246561788617887,
        "passed": false
    },
    "passed": false
}