{
    "fklg": {
        "value": 6.3384782608695645,
        "passed": true
    },
    "dale_chall": {
        "value": 10.72885652173913,
        "passed": false
    },
    "passed": false
}