{
    "fklg": {
        "value": 11.397368421052636,
        "passed": true
    },
    "dale_chall": {
        "value": 12.159766666666666,
        "passed": false
    },
    "passed": false
}