{
    "fklg": {
        "value": 7.224117647058826,
        "passed": true
    },
    "dale_chall": {
        "value": 9.30716274509804,
        "passed": false
    },
    "passed": false
}