{
    "fklg": {
        "value": 11.086117021276596,
        "passed": true
    },
    "dale_chall": {
        "value": 12.282278723404257,
        "passed": false
    },
    "passed": false
}