{
    "fklg": {
        "passed": 5,
        "failed": 0,
        "avg": 10.172291944223632,
        "std_dev_avg": 1.5470340877657736
    },
    "dale_chall": {
        "passed": 0,
        "failed": 5,
        "avg": 11.67908825028967,
        "std_dev_avg": 0.553103276088929
    },
    "passed": 0,
    "failed": 5
}