{
    "fklg": {
        "passed": 5,
        "failed": 0,
        "avg": 10.172291944223632
    },
    "dale_chall": {
        "passed": 0,
        "failed": 5,
        "avg": 11.67908825028967
    },
    "passed": 0,
    "failed": 5
}