{
    "fklg": {
        "value": 14.414782608695656,
        "passed": false
    },
    "dale_chall": {
        "value": 11.29925652173913,
        "passed": false
    },
    "passed": false
}