{
    "fklg": {
        "value": 9.758139534883725,
        "passed": true
    },
    "dale_chall": {
        "value": 10.222782170542636,
        "passed": false
    },
    "passed": false
}