{
    "fklg": {
        "value": 9.556603773584907,
        "passed": true
    },
    "dale_chall": {
        "value": 12.258804402515723,
        "passed": false
    },
    "passed": false
}