{
    "fklg": {
        "value": 10.172115384615385,
        "passed": true
    },
    "dale_chall": {
        "value": 9.543884615384616,
        "passed": false
    },
    "passed": false
}