{
    "fklg": {
        "value": 9.533333333333335,
        "passed": true
    },
    "dale_chall": {
        "value": 10.959666666666667,
        "passed": false
    },
    "passed": false
}