{
    "fklg": {
        "value": 8.412000000000003,
        "passed": true
    },
    "dale_chall": {
        "value": 10.377203728813559,
        "passed": false
    },
    "passed": false
}