{
    "fklg": {
        "passed": 5,
        "failed": 0,
        "avg": 10.030496544086763
    },
    "dale_chall": {
        "passed": 0,
        "failed": 5,
        "avg": 10.781403957226669
    },
    "passed": 0,
    "failed": 5
}