{
    "fklg": {
        "passed": 4,
        "failed": 1,
        "avg": 10.417767020045858,
        "std_dev_avg": 1.5988062354599202
    },
    "dale_chall": {
        "passed": 0,
        "failed": 5,
        "avg": 10.887763187023939,
        "std_dev_avg": 0.7417752119398813
    },
    "passed": 0,
    "failed": 5
}