{
    "fklg": {
        "value": 5.497368421052631,
        "passed": true
    },
    "dale_chall": {
        "value": 7.173450877192983,
        "passed": true
    },
    "passed": true
}