{
    "fklg": {
        "value": 12.828571428571426,
        "passed": false
    },
    "dale_chall": {
        "value": 9.941433333333334,
        "passed": false
    },
    "passed": false
}