{
    "fklg": {
        "value": 8.21198979591837,
        "passed": true
    },
    "dale_chall": {
        "value": 10.044508163265306,
        "passed": false
    },
    "passed": false
}