{
    "fklg": {
        "value": 10.356923076923078,
        "passed": true
    },
    "dale_chall": {
        "value": 10.65803076923077,
        "passed": false
    },
    "passed": false
}