{
    "fklg": {
        "value": 11.320000000000004,
        "passed": true
    },
    "dale_chall": {
        "value": 10.843250000000001,
        "passed": false
    },
    "passed": false
}