{
    "fklg": {
        "passed": 5,
        "failed": 0,
        "avg": 9.81618257456829
    },
    "dale_chall": {
        "passed": 0,
        "failed": 5,
        "avg": 10.593794453165884
    },
    "passed": 0,
    "failed": 5
}