{
    "fklg": {
        "passed": 5,
        "failed": 0,
        "avg": 9.81618257456829,
        "std_dev_avg": 0.8181501412872845
    },
    "dale_chall": {
        "passed": 0,
        "failed": 5,
        "avg": 10.593794453165884,
        "std_dev_avg": 0.36959896389324953
    },
    "passed": 0,
    "failed": 5
}