{
    "fklg": {
        "value": 4.383823529411767,
        "passed": true
    },
    "dale_chall": {
        "value": 8.702217647058824,
        "passed": true
    },
    "passed": true
}