{
    "fklg": {
        "value": 11.372350746268655,
        "passed": true
    },
    "dale_chall": {
        "value": 12.244464179104478,
        "passed": false
    },
    "passed": false
}