{
    "fklg": {
        "value": 9.296363636363637,
        "passed": true
    },
    "dale_chall": {
        "value": 12.794827272727273,
        "passed": false
    },
    "passed": false
}