{
    "fklg": {
        "value": 7.367631578947371,
        "passed": true
    },
    "dale_chall": {
        "value": 8.262963157894736,
        "passed": true
    },
    "passed": true
}