{
    "fklg": {
        "value": 8.535645161290322,
        "passed": true
    },
    "dale_chall": {
        "value": 11.536267741935484,
        "passed": false
    },
    "passed": false
}