{
    "fklg": {
        "value": 9.378947368421056,
        "passed": true
    },
    "dale_chall": {
        "value": 12.367529824561405,
        "passed": false
    },
    "passed": false
}