{
    "fklg": {
        "value": 9.887857142857143,
        "passed": true
    },
    "dale_chall": {
        "value": 12.789828571428572,
        "passed": false
    },
    "passed": false
}