{
    "fklg": {
        "value": 5.364615384615387,
        "passed": true
    },
    "dale_chall": {
        "value": 9.139761538461538,
        "passed": false
    },
    "passed": false
}