{
    "fklg": {
        "passed": 5,
        "failed": 0,
        "avg": 9.694232811040163
    },
    "dale_chall": {
        "passed": 0,
        "failed": 5,
        "avg": 12.346583517951442
    },
    "passed": 0,
    "failed": 5
}