{
    "fklg": {
        "passed": 5,
        "failed": 0,
        "avg": 9.694232811040163,
        "std_dev_avg": 0.7486969068181891
    },
    "dale_chall": {
        "passed": 0,
        "failed": 5,
        "avg": 12.346583517951442,
        "std_dev_avg": 0.36497404594516925
    },
    "passed": 0,
    "failed": 5
}