{
    "fklg": {
        "passed": 5,
        "failed": 0,
        "avg": 7.079214098594906
    },
    "dale_chall": {
        "passed": 3,
        "failed": 2,
        "avg": 8.86798846868302
    },
    "passed": 3,
    "failed": 2
}