{
    "fklg": {
        "value": 10.239077181208057,
        "passed": true
    },
    "dale_chall": {
        "value": 12.836192170022372,
        "passed": false
    },
    "passed": false
}