{
    "fklg": {
        "value": 7.719167587369892,
        "passed": true
    },
    "dale_chall": {
        "value": 12.557849956387743,
        "passed": false
    },
    "passed": false
}