{
    "fklg": {
        "value": 14.294285714285717,
        "passed": false
    },
    "dale_chall": {
        "value": 9.536728571428572,
        "passed": false
    },
    "passed": false
}