{
    "fklg": {
        "value": 7.566666666666666,
        "passed": true
    },
    "dale_chall": {
        "value": 8.064833333333333,
        "passed": true
    },
    "passed": true
}