{
    "fklg": {
        "value": 6.835555555555558,
        "passed": true
    },
    "dale_chall": {
        "value": 7.599577777777777,
        "passed": true
    },
    "passed": true
}