{
    "fklg": {
        "value": 7.050000000000001,
        "passed": true
    },
    "dale_chall": {
        "value": 8.835556140350878,
        "passed": true
    },
    "passed": true
}