{
    "fklg": {
        "value": 11.096666666666668,
        "passed": true
    },
    "dale_chall": {
        "value": 8.915411111111112,
        "passed": true
    },
    "passed": true
}