{
    "fklg": {
        "value": 13.505717391304351,
        "passed": false
    },
    "dale_chall": {
        "value": 12.533815289855072,
        "passed": false
    },
    "passed": false
}