{
    "fklg": {
        "value": 9.735169934640528,
        "passed": true
    },
    "dale_chall": {
        "value": 12.08397477124183,
        "passed": false
    },
    "passed": false
}