{
    "fklg": {
        "value": 11.489292237442925,
        "passed": true
    },
    "dale_chall": {
        "value": 11.996524353120243,
        "passed": false
    },
    "passed": false
}