{
    "fklg": {
        "passed": 4,
        "failed": 1,
        "avg": 9.368634920634921
    },
    "dale_chall": {
        "passed": 4,
        "failed": 1,
        "avg": 8.590421386800333
    },
    "passed": 4,
    "failed": 1
}