{
    "fklg": {
        "passed": 4,
        "failed": 1,
        "avg": 10.53768486639315
    },
    "dale_chall": {
        "passed": 0,
        "failed": 5,
        "avg": 12.40167130812545
    },
    "passed": 0,
    "failed": 5
}