{
    "fklg": {
        "passed": 4,
        "failed": 1,
        "avg": 10.53768486639315,
        "std_dev_avg": 1.5678559583843898
    },
    "dale_chall": {
        "passed": 0,
        "failed": 5,
        "avg": 12.40167130812545,
        "std_dev_avg": 0.28913739675553246
    },
    "passed": 0,
    "failed": 5
}