{
    "fklg": {
        "value": 7.160294117647062,
        "passed": true
    },
    "dale_chall": {
        "value": 8.702217647058824,
        "passed": true
    },
    "passed": true
}