{
    "fklg": {
        "value": 10.398695652173913,
        "passed": true
    },
    "dale_chall": {
        "value": 12.978555072463768,
        "passed": false
    },
    "passed": false
}