{
    "fklg": {
        "value": 12.228301886792455,
        "passed": false
    },
    "dale_chall": {
        "value": 13.152577987421385,
        "passed": false
    },
    "passed": false
}