{
    "fklg": {
        "value": 9.997222222222224,
        "passed": true
    },
    "dale_chall": {
        "value": 12.493507407407408,
        "passed": false
    },
    "passed": false
}