{
    "fklg": {
        "value": 9.673867924528302,
        "passed": true
    },
    "dale_chall": {
        "value": 12.416520125786164,
        "passed": false
    },
    "passed": false
}