{
    "fklg": {
        "value": 7.633846153846157,
        "passed": true
    },
    "dale_chall": {
        "value": 10.354376923076924,
        "passed": false
    },
    "passed": false
}