{
    "fklg": {
        "value": 6.828571428571429,
        "passed": true
    },
    "dale_chall": {
        "value": 7.824309523809524,
        "passed": true
    },
    "passed": true
}