{
    "fklg": {
        "passed": 4,
        "failed": 1,
        "avg": 9.98638676791261
    },
    "dale_chall": {
        "passed": 0,
        "failed": 5,
        "avg": 12.279107503231131
    },
    "passed": 0,
    "failed": 5
}