{
    "fklg": {
        "passed": 4,
        "failed": 1,
        "avg": 9.98638676791261,
        "std_dev_avg": 1.0660237829803045
    },
    "dale_chall": {
        "passed": 0,
        "failed": 5,
        "avg": 12.279107503231131,
        "std_dev_avg": 0.7698922320616817
    },
    "passed": 0,
    "failed": 5
}