{
    "fklg": {
        "value": 6.747758620689655,
        "passed": true
    },
    "dale_chall": {
        "value": 7.622596551724138,
        "passed": true
    },
    "passed": true
}