{
    "fklg": {
        "value": 11.784285714285716,
        "passed": true
    },
    "dale_chall": {
        "value": 13.83956343825666,
        "passed": false
    },
    "passed": false
}