{
    "fklg": {
        "value": 10.526190476190479,
        "passed": true
    },
    "dale_chall": {
        "value": 15.190028571428574,
        "passed": false
    },
    "passed": false
}