{
    "fklg": {
        "value": 7.224117647058826,
        "passed": true
    },
    "dale_chall": {
        "value": 8.378339215686275,
        "passed": true
    },
    "passed": true
}