{
    "fklg": {
        "value": 12.052225352112679,
        "passed": false
    },
    "dale_chall": {
        "value": 14.126172112676057,
        "passed": false
    },
    "passed": false
}