{
    "fklg": {
        "value": 10.553326745718053,
        "passed": true
    },
    "dale_chall": {
        "value": 12.32227215634607,
        "passed": false
    },
    "passed": false
}