{
    "fklg": {
        "value": 9.097682926829268,
        "passed": true
    },
    "dale_chall": {
        "value": 8.11939756097561,
        "passed": true
    },
    "passed": true
}