{
    "fklg": {
        "value": 11.027688311688312,
        "passed": true
    },
    "dale_chall": {
        "value": 12.910534805194805,
        "passed": false
    },
    "passed": false
}