{
    "fklg": {
        "passed": 5,
        "failed": 0,
        "avg": 6.867818271664087
    },
    "dale_chall": {
        "passed": 5,
        "failed": 0,
        "avg": 7.977702104273695
    },
    "passed": 5,
    "failed": 0
}