{
    "fklg": {
        "passed": 4,
        "failed": 1,
        "avg": 11.188743319999046
    },
    "dale_chall": {
        "passed": 0,
        "failed": 5,
        "avg": 13.677714216780434
    },
    "passed": 0,
    "failed": 5
}