{
    "fklg": {
        "passed": 4,
        "failed": 1,
        "avg": 11.188743319999046,
        "std_dev_avg": 0.5836097705601194
    },
    "dale_chall": {
        "passed": 0,
        "failed": 5,
        "avg": 13.677714216780434,
        "std_dev_avg": 0.8490485888079964
    },
    "passed": 0,
    "failed": 5
}