{
    "fklg": {
        "value": 6.40946386946387,
        "passed": true
    },
    "dale_chall": {
        "value": 10.50705508935509,
        "passed": false
    },
    "passed": false
}