{
    "fklg": {
        "value": 9.702163742690061,
        "passed": true
    },
    "dale_chall": {
        "value": 11.659504059167528,
        "passed": false
    },
    "passed": false
}