{
    "fklg": {
        "value": 5.186842105263157,
        "passed": true
    },
    "dale_chall": {
        "value": 7.173450877192983,
        "passed": true
    },
    "passed": true
}