{
    "fklg": {
        "value": 11.849565217391305,
        "passed": true
    },
    "dale_chall": {
        "value": 8.896430434782609,
        "passed": true
    },
    "passed": true
}