{
    "fklg": {
        "value": 9.21075012419275,
        "passed": true
    },
    "dale_chall": {
        "value": 11.709532488822653,
        "passed": false
    },
    "passed": false
}