{
    "fklg": {
        "value": 9.376514121037467,
        "passed": true
    },
    "dale_chall": {
        "value": 12.333708806916427,
        "passed": false
    },
    "passed": false
}