{
    "fklg": {
        "value": 9.103571428571428,
        "passed": true
    },
    "dale_chall": {
        "value": 8.113642857142857,
        "passed": true
    },
    "passed": true
}