{
    "fklg": {
        "value": 11.624000000000002,
        "passed": true
    },
    "dale_chall": {
        "value": 8.034500000000001,
        "passed": true
    },
    "passed": true
}