{
    "fklg": {
        "value": 11.467254174397034,
        "passed": true
    },
    "dale_chall": {
        "value": 12.495843042671614,
        "passed": false
    },
    "passed": false
}