{
    "fklg": {
        "passed": 5,
        "failed": 0,
        "avg": 9.233229206356237
    },
    "dale_chall": {
        "passed": 0,
        "failed": 5,
        "avg": 11.741128697386664
    },
    "passed": 0,
    "failed": 5
}