{
    "fklg": {
        "passed": 5,
        "failed": 0,
        "avg": 9.233229206356237,
        "std_dev_avg": 1.1384977676223411
    },
    "dale_chall": {
        "passed": 0,
        "failed": 5,
        "avg": 11.741128697386664,
        "std_dev_avg": 0.5389177819258869
    },
    "passed": 0,
    "failed": 5
}