{
    "fklg": {
        "passed": 4,
        "failed": 1,
        "avg": 10.255195750245178
    },
    "dale_chall": {
        "passed": 4,
        "failed": 1,
        "avg": 8.55578483382369
    },
    "passed": 4,
    "failed": 1
}