{
    "fklg": {
        "value": 7.008518518518521,
        "passed": true
    },
    "dale_chall": {
        "value": 12.516576543209876,
        "passed": false
    },
    "passed": false
}