{
    "fklg": {
        "value": 9.029368720379146,
        "passed": true
    },
    "dale_chall": {
        "value": 12.127082394944708,
        "passed": false
    },
    "passed": false
}