{
    "fklg": {
        "value": 9.040454545454548,
        "passed": true
    },
    "dale_chall": {
        "value": 14.108909090909092,
        "passed": false
    },
    "passed": false
}