{
    "fklg": {
        "value": 8.192697389116073,
        "passed": true
    },
    "dale_chall": {
        "value": 12.538202044668136,
        "passed": false
    },
    "passed": false
}