{
    "fklg": {
        "value": 9.253716820813597,
        "passed": true
    },
    "dale_chall": {
        "value": 12.898820745920746,
        "passed": false
    },
    "passed": false
}