{
    "fklg": {
        "value": 7.991428571428575,
        "passed": true
    },
    "dale_chall": {
        "value": 8.842328571428572,
        "passed": true
    },
    "passed": true
}