{
    "fklg": {
        "value": 6.60741085271318,
        "passed": true
    },
    "dale_chall": {
        "value": 12.264067751937985,
        "passed": false
    },
    "passed": false
}