{
    "fklg": {
        "value": 5.532500000000002,
        "passed": true
    },
    "dale_chall": {
        "value": 7.126191666666667,
        "passed": true
    },
    "passed": true
}