{
    "fklg": {
        "value": 5.165945945945946,
        "passed": true
    },
    "dale_chall": {
        "value": 8.089044144144143,
        "passed": true
    },
    "passed": true
}