{
    "fklg": {
        "passed": 5,
        "failed": 0,
        "avg": 8.020559625323184,
        "std_dev_avg": 0.9700759517658667
    },
    "dale_chall": {
        "passed": 0,
        "failed": 5,
        "avg": 12.865315235329167,
        "std_dev_avg": 0.5108397464686018
    },
    "passed": 0,
    "failed": 5
}