{
    "fklg": {
        "passed": 5,
        "failed": 0,
        "avg": 8.020559625323184
    },
    "dale_chall": {
        "passed": 0,
        "failed": 5,
        "avg": 12.865315235329167
    },
    "passed": 0,
    "failed": 5
}