{
    "fklg": {
        "passed": 5,
        "failed": 0,
        "avg": 7.056158992378321
    },
    "dale_chall": {
        "passed": 3,
        "failed": 2,
        "avg": 9.08813832095406
    },
    "passed": 3,
    "failed": 2
}