{
    "fklg": {
        "value": 7.0478571428571435,
        "passed": true
    },
    "dale_chall": {
        "value": 8.668728571428572,
        "passed": true
    },
    "passed": true
}