{
    "fklg": {
        "value": 4.823333333333334,
        "passed": true
    },
    "dale_chall": {
        "value": 6.863366666666667,
        "passed": true
    },
    "passed": true
}