{
    "fklg": {
        "value": 7.0478571428571435,
        "passed": true
    },
    "dale_chall": {
        "value": 9.420633333333335,
        "passed": false
    },
    "passed": false
}