{
    "fklg": {
        "value": 5.94777777777778,
        "passed": true
    },
    "dale_chall": {
        "value": 8.907622222222223,
        "passed": true
    },
    "passed": true
}