{
    "fklg": {
        "value": 6.936363636363637,
        "passed": true
    },
    "dale_chall": {
        "value": 9.20619090909091,
        "passed": false
    },
    "passed": false
}