{
    "fklg": {
        "value": 5.890872093023255,
        "passed": true
    },
    "dale_chall": {
        "value": 9.67783953488372,
        "passed": false
    },
    "passed": false
}