{
    "fklg": {
        "value": 8.21198979591837,
        "passed": true
    },
    "dale_chall": {
        "value": 9.400018367346938,
        "passed": false
    },
    "passed": false
}