{
    "fklg": {
        "value": 5.943846153846156,
        "passed": true
    },
    "dale_chall": {
        "value": 9.532135897435897,
        "passed": false
    },
    "passed": false
}