{
    "fklg": {
        "passed": 5,
        "failed": 0,
        "avg": 6.58616989138584
    },
    "dale_chall": {
        "passed": 1,
        "failed": 4,
        "avg": 9.344761386195938
    },
    "passed": 1,
    "failed": 4
}