{
    "fklg": {
        "passed": 5,
        "failed": 0,
        "avg": 6.58616989138584,
        "std_dev_avg": 0.7904054598041313
    },
    "dale_chall": {
        "passed": 1,
        "failed": 4,
        "avg": 9.344761386195938,
        "std_dev_avg": 0.23028385643149674
    },
    "passed": 1,
    "failed": 4
}