{
    "fklg": {
        "value": 8.158350515463919,
        "passed": true
    },
    "dale_chall": {
        "value": 10.519634478808705,
        "passed": false
    },
    "passed": false
}