{
    "fklg": {
        "value": 6.726153846153846,
        "passed": true
    },
    "dale_chall": {
        "value": 7.925146153846153,
        "passed": true
    },
    "passed": true
}