{
    "fklg": {
        "value": 8.670494071146248,
        "passed": true
    },
    "dale_chall": {
        "value": 12.070694466403163,
        "passed": false
    },
    "passed": false
}