{
    "fklg": {
        "value": 11.22636363636364,
        "passed": true
    },
    "dale_chall": {
        "value": 8.316336363636363,
        "passed": true
    },
    "passed": true
}