{
    "fklg": {
        "value": 7.364565217391306,
        "passed": true
    },
    "dale_chall": {
        "value": 7.639508695652174,
        "passed": true
    },
    "passed": true
}