{
    "fklg": {
        "value": 9.175255102040818,
        "passed": true
    },
    "dale_chall": {
        "value": 11.53489081632653,
        "passed": false
    },
    "passed": false
}