{
    "fklg": {
        "value": 9.626160839160843,
        "passed": true
    },
    "dale_chall": {
        "value": 12.18557020979021,
        "passed": false
    },
    "passed": false
}