{
    "fklg": {
        "value": 10.032558139534885,
        "passed": true
    },
    "dale_chall": {
        "value": 10.222782170542636,
        "passed": false
    },
    "passed": false
}