{
    "fklg": {
        "value": 10.055817610062896,
        "passed": true
    },
    "dale_chall": {
        "value": 11.755250524109014,
        "passed": false
    },
    "passed": false
}