{
    "fklg": {
        "value": 6.592857142857145,
        "passed": true
    },
    "dale_chall": {
        "value": 8.610861904761904,
        "passed": true
    },
    "passed": true
}