{
    "fklg": {
        "passed": 5,
        "failed": 0,
        "avg": 9.137215627574944
    },
    "dale_chall": {
        "passed": 0,
        "failed": 5,
        "avg": 11.613208099087522
    },
    "passed": 0,
    "failed": 5
}