{
    "fklg": {
        "passed": 5,
        "failed": 0,
        "avg": 8.388499596460164
    },
    "dale_chall": {
        "passed": 4,
        "failed": 1,
        "avg": 8.542927057687846
    },
    "passed": 4,
    "failed": 1
}