{
    "fklg": {
        "passed": 5,
        "failed": 0,
        "avg": 9.137215627574944,
        "std_dev_avg": 0.5782346674158891
    },
    "dale_chall": {
        "passed": 0,
        "failed": 5,
        "avg": 11.613208099087522,
        "std_dev_avg": 0.46875636121592595
    },
    "passed": 0,
    "failed": 5
}