{
    "fklg": {
        "value": 10.90946324883161,
        "passed": true
    },
    "dale_chall": {
        "value": 11.910669437756692,
        "passed": false
    },
    "passed": false
}