{
    "fklg": {
        "value": 8.967396413110698,
        "passed": true
    },
    "dale_chall": {
        "value": 12.46287377860235,
        "passed": false
    },
    "passed": false
}