{
    "fklg": {
        "value": 6.657647058823532,
        "passed": true
    },
    "dale_chall": {
        "value": 7.730582352941177,
        "passed": true
    },
    "passed": true
}