{
    "fklg": {
        "value": 10.576426058815255,
        "passed": true
    },
    "dale_chall": {
        "value": 11.967913761080625,
        "passed": false
    },
    "passed": false
}