{
    "fklg": {
        "value": 6.446190476190477,
        "passed": true
    },
    "dale_chall": {
        "value": 7.714471428571429,
        "passed": true
    },
    "passed": true
}