{
    "fklg": {
        "value": 10.051746031746035,
        "passed": true
    },
    "dale_chall": {
        "value": 12.35121746031746,
        "passed": false
    },
    "passed": false
}