{
    "fklg": {
        "value": 9.908445945945946,
        "passed": true
    },
    "dale_chall": {
        "value": 11.399977477477478,
        "passed": false
    },
    "passed": false
}