{
    "fklg": {
        "value": 5.462857142857143,
        "passed": true
    },
    "dale_chall": {
        "value": 7.150542857142858,
        "passed": true
    },
    "passed": true
}