{
    "fklg": {
        "passed": 4,
        "failed": 1,
        "avg": 7.871646627881924
    },
    "dale_chall": {
        "passed": 4,
        "failed": 1,
        "avg": 8.061060866192632
    },
    "passed": 3,
    "failed": 2
}