{
    "fklg": {
        "passed": 5,
        "failed": 0,
        "avg": 10.082695539689908
    },
    "dale_chall": {
        "passed": 0,
        "failed": 5,
        "avg": 12.018530383046922
    },
    "passed": 0,
    "failed": 5
}