{
    "fklg": {
        "passed": 5,
        "failed": 0,
        "avg": 10.082695539689908,
        "std_dev_avg": 0.5281992913068188
    },
    "dale_chall": {
        "passed": 0,
        "failed": 5,
        "avg": 12.018530383046922,
        "std_dev_avg": 0.3108121891303877
    },
    "passed": 0,
    "failed": 5
}