{
    "fklg": {
        "value": 8.631487179487184,
        "passed": true
    },
    "dale_chall": {
        "value": 11.311072307692307,
        "passed": false
    },
    "passed": false
}