{
    "fklg": {
        "value": 8.586421568627454,
        "passed": true
    },
    "dale_chall": {
        "value": 10.151449019607844,
        "passed": false
    },
    "passed": false
}