{
    "fklg": {
        "value": 8.67166666666667,
        "passed": true
    },
    "dale_chall": {
        "value": 10.612466666666666,
        "passed": false
    },
    "passed": false
}