{
    "fklg": {
        "value": 10.098571428571429,
        "passed": true
    },
    "dale_chall": {
        "value": 11.098042857142858,
        "passed": false
    },
    "passed": false
}