{
    "fklg": {
        "value": 6.442096774193548,
        "passed": true
    },
    "dale_chall": {
        "value": 7.4614290322580645,
        "passed": true
    },
    "passed": true
}