{
    "fklg": {
        "value": 8.242222222222225,
        "passed": true
    },
    "dale_chall": {
        "value": 10.662066666666666,
        "passed": false
    },
    "passed": false
}