{
    "fklg": {
        "value": 6.211043478260873,
        "passed": true
    },
    "dale_chall": {
        "value": 9.241733043478261,
        "passed": false
    },
    "passed": false
}