{
    "fklg": {
        "value": 8.740000000000002,
        "passed": true
    },
    "dale_chall": {
        "value": 8.19499411764706,
        "passed": true
    },
    "passed": true
}