{
    "fklg": {
        "value": 7.671052631578949,
        "passed": true
    },
    "dale_chall": {
        "value": 9.25108245614035,
        "passed": false
    },
    "passed": false
}