{
    "fklg": {
        "passed": 5,
        "failed": 0,
        "avg": 8.068568223052882,
        "std_dev_avg": 0.7430098979168029
    },
    "dale_chall": {
        "passed": 0,
        "failed": 5,
        "avg": 10.39575754082235,
        "std_dev_avg": 0.5593332074234367
    },
    "passed": 0,
    "failed": 5
}