{
    "fklg": {
        "passed": 5,
        "failed": 0,
        "avg": 8.068568223052882
    },
    "dale_chall": {
        "passed": 0,
        "failed": 5,
        "avg": 10.39575754082235
    },
    "passed": 0,
    "failed": 5
}