{
    "fklg": {
        "value": 10.734000000000002,
        "passed": true
    },
    "dale_chall": {
        "value": 12.042366666666666,
        "passed": false
    },
    "passed": false
}