{
    "fklg": {
        "value": 10.155263157894733,
        "passed": true
    },
    "dale_chall": {
        "value": 12.990819298245615,
        "passed": false
    },
    "passed": false
}