{
    "fklg": {
        "value": 13.18904761904762,
        "passed": false
    },
    "dale_chall": {
        "value": 13.353757142857145,
        "passed": false
    },
    "passed": false
}