{
    "fklg": {
        "value": 8.292105263157897,
        "passed": true
    },
    "dale_chall": {
        "value": 12.159766666666666,
        "passed": false
    },
    "passed": false
}