{
    "fklg": {
        "value": 7.502857142857145,
        "passed": true
    },
    "dale_chall": {
        "value": 9.177738095238094,
        "passed": false
    },
    "passed": false
}