{
    "fklg": {
        "value": 11.610833333333336,
        "passed": true
    },
    "dale_chall": {
        "value": 13.31761111111111,
        "passed": false
    },
    "passed": false
}