{
    "fklg": {
        "value": 10.520000000000003,
        "passed": true
    },
    "dale_chall": {
        "value": 11.943935714285715,
        "passed": false
    },
    "passed": false
}