{
    "fklg": {
        "passed": 5,
        "failed": 0,
        "avg": 10.262440350877194,
        "std_dev_avg": 0.8310049122807034
    },
    "dale_chall": {
        "passed": 0,
        "failed": 5,
        "avg": 12.490899891395156,
        "std_dev_avg": 0.5306522506265668
    },
    "passed": 0,
    "failed": 5
}