{
    "fklg": {
        "passed": 5,
        "failed": 0,
        "avg": 10.262440350877194
    },
    "dale_chall": {
        "passed": 0,
        "failed": 5,
        "avg": 12.490899891395156
    },
    "passed": 0,
    "failed": 5
}