{
    "fklg": {
        "value": 5.863181818181818,
        "passed": true
    },
    "dale_chall": {
        "value": 8.761263636363637,
        "passed": true
    },
    "passed": true
}