{
    "fklg": {
        "value": 11.450519891500907,
        "passed": true
    },
    "dale_chall": {
        "value": 13.410467450271248,
        "passed": false
    },
    "passed": false
}