{
    "fklg": {
        "value": 7.84340425531915,
        "passed": true
    },
    "dale_chall": {
        "value": 8.109098581560284,
        "passed": true
    },
    "passed": true
}