{
    "fklg": {
        "value": 7.609761904761903,
        "passed": true
    },
    "dale_chall": {
        "value": 8.668728571428572,
        "passed": true
    },
    "passed": true
}