{
    "fklg": {
        "value": 11.415397607318791,
        "passed": true
    },
    "dale_chall": {
        "value": 13.692337825475017,
        "passed": false
    },
    "passed": false
}