{
    "fklg": {
        "value": 15.295170998632013,
        "passed": false
    },
    "dale_chall": {
        "value": 13.300181258549932,
        "passed": false
    },
    "passed": false
}