{
    "fklg": {
        "value": 9.439242424242426,
        "passed": true
    },
    "dale_chall": {
        "value": 12.954115584415584,
        "passed": false
    },
    "passed": false
}