{
    "fklg": {
        "value": 11.948344725449989,
        "passed": true
    },
    "dale_chall": {
        "value": 12.767442082478924,
        "passed": false
    },
    "passed": false
}