{
    "fklg": {
        "value": 8.846621621621622,
        "passed": true
    },
    "dale_chall": {
        "value": 7.968154054054054,
        "passed": true
    },
    "passed": true
}