{
    "fklg": {
        "passed": 4,
        "failed": 1,
        "avg": 11.909735129428826
    },
    "dale_chall": {
        "passed": 0,
        "failed": 5,
        "avg": 13.224908840238141
    },
    "passed": 0,
    "failed": 5
}