{
    "fklg": {
        "passed": 4,
        "failed": 1,
        "avg": 11.909735129428826,
        "std_dev_avg": 1.369618186089741
    },
    "dale_chall": {
        "passed": 0,
        "failed": 5,
        "avg": 13.224908840238141,
        "std_dev_avg": 0.29130400543270946
    },
    "passed": 0,
    "failed": 5
}