{
    "fklg": {
        "value": 11.941969696969696,
        "passed": true
    },
    "dale_chall": {
        "value": 11.15368787878788,
        "passed": false
    },
    "passed": false
}