{
    "fklg": {
        "value": 9.392594339622644,
        "passed": true
    },
    "dale_chall": {
        "value": 11.145964150943396,
        "passed": false
    },
    "passed": false
}