{
    "fklg": {
        "value": 11.830253623188405,
        "passed": true
    },
    "dale_chall": {
        "value": 10.213114492753624,
        "passed": false
    },
    "passed": false
}