{
    "fklg": {
        "value": 9.677142857142858,
        "passed": true
    },
    "dale_chall": {
        "value": 10.816078571428571,
        "passed": false
    },
    "passed": false
}