{
    "fklg": {
        "value": 9.416739130434784,
        "passed": true
    },
    "dale_chall": {
        "value": 9.699073913043478,
        "passed": false
    },
    "passed": false
}