{
    "fklg": {
        "value": 9.345000000000002,
        "passed": true
    },
    "dale_chall": {
        "value": 10.572500000000002,
        "passed": false
    },
    "passed": false
}