{
    "fklg": {
        "passed": 4,
        "failed": 1,
        "avg": 10.99422106154715
    },
    "dale_chall": {
        "passed": 0,
        "failed": 5,
        "avg": 10.862041447393187
    },
    "passed": 0,
    "failed": 5
}