{
    "fklg": {
        "passed": 4,
        "failed": 1,
        "avg": 10.99422106154715,
        "std_dev_avg": 1.157824054206662
    },
    "dale_chall": {
        "passed": 0,
        "failed": 5,
        "avg": 10.862041447393187,
        "std_dev_avg": 0.7431429459815551
    },
    "passed": 0,
    "failed": 5
}